,Unnamed: 0,_Experiment,Sequence,Left_seq,Right_seq,Frameshift frequency,Precision,Insertion %,Expected indel length,MH del frequency,Highest 1-bp insertion
1556,1556,4_0_3_4,AAACAGGACAAGTCGGCACGAAGATCACGAAGGGGGTCGGTTTCAGGAGGTCACG,ACAAGTCGGCACGAAGATCA,CGAAGGGGGTCGGTTTCAGG,37.58173658917402,0.5608087173654899,16.014665722023455,7.327409414244652,71.8248342179443,13.786356335465705
700,700,1_4_1_4,ACTATACATTAAACCACAAGTGACCAACTTCGGCTACATGGCGAACATTGTTACA,ATTAAACCACAAGTGACCAA,CTTCGGCTACATGGCGAACA,72.21646019026541,0.3778810317750944,22.612484040510324,6.094610405685786,44.894868702028134,19.466142348746928
135,135,0_1_4_1,GCCGTTCCGACGCCTACGACCCCTTTATTTAGGGGTGCATGCATGACGCAGCCGC,CGACGCCTACGACCCCTTTA,TTTAGGGGTGCATGCATGAC,83.3580080509863,0.5958103712155747,19.979097549377464,3.839861424439416,68.01028981018065,17.199169989415527
420,420,1_0_3_1,CCCTTAGCCCCCGCATCGATCACTGAAACTGGGAGCAGAAAGGTACGTGTCGATC,CCCCCGCATCGATCACTGAA,ACTGGGAGCAGAAAGGTACG,50.523468393303254,0.5714776121331382,19.70767555786903,5.395912113417616,71.01656103796812,16.965514141883776
609,609,1_3_0_4,GTTGGAATATGAATGTCCAATAAATTGTGATGGCTACTATAGATCCCAATACAAA,TATGAATGTCCAATAAATTG,TGATGGCTACTATAGATCCC,76.97665644214159,0.4609690570079269,6.2065600910538175,5.498081405336014,77.91639296608258,2.8357400063731464
1790,1790,4_3_4_2,CTGACGGCTCGGGAAGCCGGAGCTCGGCACTGGTTGCGCAGCTGAAGTCGGGCGA,CTCGGGAAGCCGGAGCTCGG,CACTGGTTGCGCAGCTGAAG,64.87910599751757,0.3612515218741088,2.327563895026157,7.791286061516693,72.1210755934503,1.0634499558022803
293,293,0_3_4_3,TCTGGCTATCGACCCTCTTACTAGTATGGGTGGGGGGTGGCAGGGCCGCAGGGTA,ATCGACCCTCTTACTAGTAT,GGGTGGGGGGTGGCAGGGCC,78.42259641649784,0.5239413285313932,41.47288920002208,3.935538803186237,33.54822847460381,39.0433975696459
1583,1583,4_1_0_3,ATTTCAGGATTCGTATCTAAAGAAAAGAAGCGGTACTAAAAGACTTAAGATCTAA,GATTCGTATCTAAAGAAAAG,AAGCGGTACTAAAAGACTTA,52.28110037998285,0.4887726478251615,2.9775585059483967,6.357888473753682,86.57911188850692,1.360428587295105
1394,1394,3_3_3_0,TGGCTGCACTTCGTACCCGTAACGCCTTCTCGGGTGAATACTTGCAGCTGAATAG,ACTTCGTACCCGTAACGCCT,TCTCGGGTGAATACTTGCAG,69.13347756605702,0.464936512570636,26.07470792675828,4.902869475304487,60.9483828025294,24.547245386903953
902,902,2_2_0_1,ATTTTCAAAGAAATCGCATGGCATAAATATGGGTCATCATCTCATCTCATAATGT,AAGAAATCGCATGGCATAAA,TATGGGTCATCATCTCATCT,78.44946463037543,0.4479068604868776,20.62989054084455,6.486791500572562,60.93176152039028,17.759410473776708
568,568,1_2_3_0,ACTTACTCGCATCATGCTCGGCCCTATTATGGGTTTTTCCAGGTTGGTCGGGGTC,CGCATCATGCTCGGCCCTAT,TATGGGTTTTTCCAGGTTGG,55.624037460307996,0.5554341096679651,25.238338520331048,4.401744538928896,66.15740320007842,23.759870697556057
346,346,0_4_3_1,CCGATACGCTAGACTACTGTTGAGATATTCGGGCGGTAACCGCCCCATCCCCTCT,GCTAGACTACTGTTGAGATA,TTCGGGCGGTAACCGCCCCA,81.62835487811849,0.39777962706821424,25.283375218055678,5.306111974975819,44.94163466801194,21.76540092498148
465,465,1_1_1_1,TACGATGTCGACGCTACATTTCCCTAGTTAGGGTTTATTATGGTTTCAACAGTTG,TCGACGCTACATTTCCCTAG,TTAGGGTTTATTATGGTTTC,81.7014159573228,0.492683468142926,5.15198470813132,5.870525889789117,74.40041896612577,2.3539108515406437
1217,1217,3_1_1_1,GTTACAATTTCGTTCTCTAATGTCTGATTCTGGATCTGGTGTTTCTGTTGGATAA,TTTCGTTCTCTAATGTCTGA,TTCTGGATCTGGTGTTTCTG,46.17088457151471,0.5189539173928432,19.642561378101046,6.647891202915607,69.45240215270178,16.909460066178752
1172,1172,3_0_3_1,CAGTCTGGACCAAAAGCGTGCTTCTGATCTGGGATCTCTTACACCCTTCGTGGTC,GACCAAAAGCGTGCTTCTGA,TCTGGGATCTCTTACACCCT,88.50814753834362,0.5829915525632111,19.351849819803352,5.234590209219054,69.62180297130647,16.65919863686781
1423,1423,3_4_0_0,GGAGGAATTTATTTCTCTTACGTCTAATATAGGATTCTCACTGTACACTAATTTG,TTTATTTCTCTTACGTCTAA,TATAGGATTCTCACTGTACA,73.53167244262896,0.4089180546690664,20.863642462540128,5.841627204361805,59.81148047169963,17.96063773274868
512,512,1_1_4_1,ACGGCCCCTCGCGCAACGGCGGTTTCTAAAGGGTCTTTCTCGAAAGAACGCGGCG,CTCGCGCAACGGCGGTTTCT,AAAGGGTCTTTCTCGAAAGA,82.78817570665977,0.5144293299760729,40.38916560556176,6.241303930609089,44.605164604360674,38.023158758936326
1438,1438,3_4_1_0,AACTACAAGGCCTATACGGTTGTAATATCTAGGATCCGGTGTAACCCTCTAAAAA,AGGCCTATACGGTTGTAATA,TCTAGGATCCGGTGTAACCC,85.53085483016706,0.3930713235294708,19.378127313973287,6.526123303379903,58.250554854072426,16.681819833246053
579,579,1_2_3_4,TAGTACAAGTCATACCCTAACGATCACACGGGGGTAGGTGCAACCGACAGGTTTG,AGTCATACCCTAACGATCAC,ACGGGGGTAGGTGCAACCGA,92.29976075359804,0.507921651061934,23.033287796086288,4.849213704517732,62.87507275437997,13.852536546310189
694,694,1_4_1_2,CTAGCTTAGAAAGAAACCAGACCCTTTATGGGGAAAACTATGCTAGACAGTATCA,AGAAAGAAACCAGACCCTTT,ATGGGGAAAACTATGCTAGA,83.42257058276991,0.4765474426453566,39.99677294300884,4.984602341493488,34.73085036653618,37.65375255109834
1004,1004,2_3_2_0,TATCACGAGAACTCACCCTCTGCGTTATTGTGGGTTCCTTATCGCTAAAAAAGCG,AGAACTCACCCTCTGCGTTA,TTGTGGGTTCCTTATCGCTA,69.44900669755114,0.4147642860200449,20.77453664505939,5.644034130143603,61.41320365431016,17.88393025894465
273,273,0_3_3_2,GGCGGATCTACTAACCCCAGCTGCGTATAGAGGAGTTGTTATAATTCCTTGGGCT,CTACTAACCCCAGCTGCGTA,TAGAGGAGTTGTTATAATTC,86.09962597338337,0.4563282666911278,20.33881270752121,5.032082087467741,62.35083036531745,17.50883373360584
1813,1813,4_4_1_0,AAATTTTGATTGGGGGCTGTGCATAATTATGGGTATTGTATGGCCACAGAAAATC,GATTGGGGGCTGTGCATAAT,TATGGGTATTGTATGGCCAC,69.85041933239329,0.4352341445501096,24.88079425658097,5.9775245385151825,64.2567404124479,23.42327146110033
221,221,0_2_4_4,GGCCAATTGCGCATCTCACTCGACTAACGGTGGAAGTGTAGGGGCCGGGCGATGG,TGCGCATCTCACTCGACTAA,CGGTGGAAGTGTAGGGGCCG,84.57807695316123,0.41230372529520104,16.92276581765642,6.265620325973963,52.36434232090705,14.56810175082269
935,935,2_2_2_2,TTGTAAGTACTTAGCCCAACGAATCGGTCCTGGTGGGTTGATTATATCAGGAAGC,TACTTAGCCCAACGAATCGG,TCCTGGTGGGTTGATTATAT,68.68536759232549,0.414092103413344,6.431909308062296,6.366269731233992,70.26305455362277,2.9387007093552886
