Sequence,Position 1,Position 2,Position 3,Position 4,Position 5,Position 6,Position 7,Position 8,Position 9,Position 10,Position 11,Position 12,Position 13,Position 14,Position 15,Position 16,Position 17,Position 18,Position 19,Position 20,Position 21,Position 22,Position 23,Position 24,Position 25,Position 26,Position 27,Position 28,Position 29,Position 30,Position 31,Position 32,Position 33,Position 34,Position 35,Position 36,Position 37,Position 38,Position 39,Position 40
CAGGCTGATGTAGTCACTCTTGAGGGCCAGCGTCCAGATG,0.0,0.0,0.0,0.0,0.0,0.0,-0.07369271576465944,-0.2566731712601228,-0.15104107183940896,-0.5851758851965347,0.1364958249262995,0.8242161656123232,-0.3316487396476014,1.0472988138304213,-0.12029178484636627,0.8027117292227643,0.7173130068090335,-1.281397015439197,0.06089058215251809,4.044020622624589,-2.3383779758284677,-0.33604341900304807,1.4975463332988181,0.6218702767021762,-0.7165506938167572,0.4153932597082359,0.6951959115671227,0.13770367875005102,0.5793954666745078,0.2637015692322158,-0.25847038264832145,0.0914028487371718,-0.24248343653630441,-0.23244142511121646,0.0,0.0,0.0,0.0,0.0,0.0
CACGCAACTTGAAATTATATCTGTGGTCTTCAAATTGTCT,0.0,0.0,0.0,0.0,0.0,0.0,-0.07369271576465944,0.030131662800119342,-0.15572873074242463,-0.43316696709305347,-0.7015128055715683,0.024304652928549594,0.023998050515371867,0.2305257153724291,-0.5690017179333667,-0.324804946155994,0.04522002011755247,-1.175646560393142,0.7275024289145313,5.169264218312691,-2.6377057653773903,0.012203053328339045,0.17682786208334184,-1.3390504157147982,0.48730347446207994,-0.016303386798378103,-0.308805160496084,0.653867650321189,0.3610012111237817,-0.6532437753650538,0.23735085809784223,-0.06330089028732373,0.0652311918215361,-0.23244142511121646,0.0,0.0,0.0,0.0,0.0,0.0
AGGATAGGAGAAGATGATGTATAGGGTTTAGTGGGAGATG,0.0,0.0,0.0,0.0,0.0,0.0,0.07369271576465944,0.1142460799679948,-0.15622882674268876,-0.0032392258964063147,-0.3668810630803977,-0.002659091882106985,0.540533688318072,-0.254426572230945,0.4692352732771861,0.23825391970833487,0.23960378162533386,2.136347280928016,-0.2731491475480857,5.357730134650297,2.3594731171554524,3.38927712929106,-1.7993256001038118,2.6948953188417843,-2.8227626045741006,1.8436066032812546,-0.5799055693789189,1.5467486409329831,0.15036304487389218,0.20025549746082438,-0.82122671069739,-0.1421741438775615,0.09178234231159776,-0.23244142511121646,0.0,0.0,0.0,0.0,0.0,0.0
ATAGCATACAGTGATTTGATGAAAGGACGTCAAACAATGT,0.0,0.0,0.0,0.0,0.0,0.0,-0.07369271576465944,-0.2566731712601228,0.15104107183940896,-0.27408356619049995,-0.05793212842524284,0.19250782002923325,0.503284045208173,-0.0036930661182102546,0.14664997474905653,0.024079959519013167,-0.46903307388809423,-1.7188124607290598,-1.6078664963458356,3.8486359088757847,0.12517436145713387,-3.4494392199983537,0.12643135461071156,0.9478074788877462,0.016706969531812593,0.36907049909470735,0.8258910250265922,0.004122969678800777,0.21235054653790678,-0.3148708042652783,0.24564723670165212,0.2612081532791819,0.09178234231159768,-0.23244142511121646,0.0,0.0,0.0,0.0,0.0,0.0
GGTGGGGGCCCTCCTCTTGCTGCTGGTGGTGGCCCTGGGG,0.0,0.0,0.0,0.0,0.0,0.0,-0.07369271576465944,0.030131662800119297,0.006322130321380433,0.13603899542839576,-0.9793114996528133,-1.3566560983652844,1.0880450592116078,-1.4321121088901108,-2.3908982148203917,1.844809631336476,2.460097794249296,-8.376884794928745,-10.520468907634385,-4.931565849424565,-6.0035661070231425,-5.652183701988921,-5.296243098266647,-3.566111797037833,-2.346952406559703,0.9856451526599611,-1.862989214452995,-1.2486660699715646,1.167350672947783,-0.7763416020686085,-0.6502339276199072,0.23580077076794845,0.08546990240317065,0.06902896049796893,0.0,0.0,0.0,0.0,0.0,0.0
GGTGAAAATCATCAGTTATCATCAGGGCAACAAATTGCTT,0.0,0.0,0.0,0.0,0.0,0.0,-0.07369271576465944,0.1142460799679948,0.3056354271637328,0.16454202837835458,0.014921468730570415,0.2930397841983648,0.07601174359056696,0.5848158074645476,0.36332579409168797,-1.423889068485119,1.145610936303866,-5.300103969618909,-4.659824006436489,-4.675186315995906,-1.4315358862176735,-6.416541224754087,-2.7466650092010774,-1.5535536229023765,1.0359348204426229,0.42164902004888166,-0.4557851625116223,0.08696515026797491,0.13815303811229787,-0.25293668348697607,0.160247336977983,0.027631160664448512,-0.24248343653630441,0.06902896049796893,0.0,0.0,0.0,0.0,0.0,0.0
GGGTTCATGAGTCTTGACAACAACGGTACTGCTACCCCAG,0.0,0.0,0.0,0.0,0.0,0.0,-0.07369271576465944,0.030131662800119297,0.30563542716373293,-0.27408356619049995,-0.026571572145562633,-0.3149668798594071,0.8408197448094437,-0.4043273369936335,-1.1231758676408734,-0.3953234391738326,-1.2305289974850033,-5.114416329196747,-4.699094498942692,-0.21074603046273185,-6.038653504171922,-3.7789318959733116,-4.786945563709945,-2.5666450426094776,-0.22113871695223095,0.43823559116544564,-0.4605995353135273,0.24660649747586086,0.4409267249482201,-0.2730737402108186,-0.18569089106057107,0.06599546622593844,0.09178234231159776,-0.23244142511121646,0.0,0.0,0.0,0.0,0.0,0.0
GGTGGTGGCGGGCACTGTCGTCATGGTGACTGGGGTCTTG,0.0,0.0,0.0,0.0,0.0,0.0,-0.07369271576465944,0.1142460799679948,0.006322130321380433,-0.03188212662479654,-0.16280209796505687,0.21001840184686751,-1.2262626794885505,-1.831553009671967,-0.4022592226974955,1.4072379804793889,0.10406454782364737,-5.9815366570134705,-2.717975659102325,-3.8502390181107127,-3.440549354344104,-5.156289652029089,0.36632982195278774,-0.9449416590705867,2.2412798446543296,-2.424502839595478,-1.2713958333072077,0.9582118774514324,-0.24853035855355746,-0.007691961720463667,-0.11594245590126795,-0.39567724139382676,0.09178234231159776,0.06902896049796889,0.0,0.0,0.0,0.0,0.0,0.0
GCAATGACAGTGCCAAAGCCAGCCGGGCCAGGACCAAAGC,0.0,0.0,0.0,0.0,0.0,0.0,0.07369271576465944,-0.2566731712601228,-0.15104107183940899,-0.5813884865733335,0.2715260474391005,0.09530252984330394,0.7005224159405118,-0.8115155964856372,-1.0262912203499597,1.108654960982631,1.116847336717989,1.7710151846464801,1.1933224981427624,-1.6256484019719688,2.1311537207058486,3.5648418196154767,-0.9894972327279454,2.565602674609886,0.10273520385812773,0.33536727456220256,-1.96217210857748,-2.062618360711509,-0.611229616238626,-0.11933586789221237,0.24666218204025694,0.23104466845320026,0.09178234231159768,-0.23244142511121646,0.0,0.0,0.0,0.0,0.0,0.0
AGCACAGTAGAACTAAGGGTGGGTGGTGTAGCTAAAGAAC,0.0,0.0,0.0,0.0,0.0,0.0,-0.07369271576465944,0.1142460799679948,0.1482722250029435,-0.5813884865733335,0.2832594546698772,0.0959797198022804,0.03728397997156549,0.3363695120952425,0.3037783010150912,0.23530162848792435,1.71696389558014,4.231596955399511,-2.9213998937607784,5.702019000793229,1.607669726060756,-0.27692396612282355,2.405314944717447,2.2805993220851972,0.4956056473679519,1.754250689747353,0.8824834554952579,-0.39691971100625406,-1.0588979688253117,-0.18766672554792613,-0.09086855404177548,0.09863710671468848,0.08546990240317065,0.08219502127853208,0.0,0.0,0.0,0.0,0.0,0.0
CGGCCGCCGTCCAAGACCTACCGAGGAGCTTTCCAGAATC,0.0,0.0,0.0,0.0,0.0,0.0,-0.07369271576465944,0.030131662800119342,0.15622882674268856,0.14876969220707692,0.2490119787249643,-0.04455673970784673,0.5407508888493876,0.38127206408885117,1.2523232441220424,0.694935673892806,1.630363963563763,0.22778976790582797,0.5713653913365312,2.183402282678614,-3.7047642195550075,2.8148306895174624,0.6590367137021683,1.6707118321749288,0.2723434177987687,0.8254957111305098,0.669271779016013,0.2965413182206696,-0.2710971466075913,0.6208144824334941,-0.3606426554008764,0.23580077076794845,-0.24248343653630441,0.08121744333471534,0.0,0.0,0.0,0.0,0.0,0.0
ACAGGGCTGTCAGGTCCTTGGGGTGGATAAGCGTGATGTT,0.0,0.0,0.0,0.0,0.0,0.0,-0.07369271576465944,0.1142460799679948,-0.15622882674268865,0.14862982442864542,-0.030395018498126383,0.12276548256618787,-1.4431390228881513,-2.0871863088225124,-0.4676420918185834,0.5682924617215149,0.48474681011307774,-0.47581278063097693,2.152630413424166,-5.81933502880187,2.8516411367927073,0.8014215542237394,-3.456705055365109,-0.8867055761702929,1.7605147546741347,-1.1454496546981565,0.014644907194609669,-0.2014624318376571,0.20444830398562525,0.004379242821243466,0.19722800290976653,-0.06330089028732373,0.09178234231159776,-0.23244142511121646,0.0,0.0,0.0,0.0,0.0,0.0
TTTACCATGAGTAACTCCATTCCTGGTATAGAATCCCCAT,0.0,0.0,0.0,0.0,0.0,0.0,0.07369271576465944,0.1122954284920087,-0.006322130321380447,0.1517612976956538,-0.19994135679946945,-1.101413261448924,-0.05162972167014591,0.17680520518893494,0.8361412658599855,2.145680928739111,0.30923171960475637,3.2096837397950138,-0.6876567578639257,3.9254684704905647,-1.0734464032416784,3.490262811920729,0.8758650799825379,0.7306375934066902,-0.21039073353932689,0.18325250765491694,0.5927468571581426,-1.3575652520667927,-0.6511425184872675,0.3496286343137525,0.3887141853211567,0.3020506145034404,0.08546990240317065,0.06902896049796889,0.0,0.0,0.0,0.0,0.0,0.0
GAAGGAGGTAGAGATTCATGTCAAGGAGATAGTGGGGGAC,0.0,0.0,0.0,0.0,0.0,0.0,-0.07369271576465944,0.1142460799679948,-0.0016344714183646712,0.1444152699255185,-0.12724349362481605,-0.5966789049433319,-0.5982447980910288,-0.38711659483290534,-0.3086514207891331,1.162424358949306,2.75504025385925,0.32868266108884164,1.9581974281637193,-4.3981462774348214,0.27669228915031224,2.5896927906398917,1.8981817171064834,-1.5517083396732994,0.5704809501093122,-0.26999064055658073,-1.0322297426172418,0.3689170870742702,0.11411255731645137,-0.10500113069565681,0.2026418860593324,-0.1421741438775615,0.06523119182153611,0.0821950212785321,0.0,0.0,0.0,0.0,0.0,0.0
TTAGAACGAATACAGAAAAGTAAAGGACGTGCAGAAAAAA,0.0,0.0,0.0,0.0,0.0,0.0,0.07369271576465944,0.1142460799679948,0.0016344714183646747,-0.28142959396063505,0.17040861520609618,-0.03626971633331811,0.18287817862572414,-0.24605234845714713,0.6238498174116943,-1.1367862306521184,-1.666140119064722,0.4392098852030984,2.9401910559773277,-3.694643628069077,-0.003962272796399451,-1.60943325633341,0.9920844194734606,-0.4079354303448835,2.186083201107048,-0.46886248653348217,0.19383941369275764,0.11365257990996568,-0.2105831402235929,0.2649732571999932,0.23139923896670633,0.30680671681818855,-0.24248343653630441,0.08121744333471534,0.0,0.0,0.0,0.0,0.0,0.0
CAGATCCGTGGCCCATCATGTCTTGGAAACGTTTTTGTCC,0.0,0.0,0.0,0.0,0.0,0.0,-0.07369271576465944,0.1122954284920087,-0.30563542716373304,-0.035440755771730496,-0.16574105080256116,0.5467240758391556,-0.4090519083163562,0.725804360350182,0.2836991838532095,2.0422272041012928,1.622173392600111,-0.00979330868149227,3.576427556053006,-4.088625200203695,1.4203693489891445,0.866540907160404,1.7648073324607658,1.2860527299884628,0.9936624071943978,-0.25721636341840665,-1.0829472505080464,1.1039612830278185,0.301991781405735,0.3391193387663444,0.1576594723207109,0.07322972420345523,0.06523119182153611,-0.23244142511121646,0.0,0.0,0.0,0.0,0.0,0.0
TCCGGTGGACAAGCGGCAGATAGCGGAAAGAGCCGCTTCG,0.0,0.0,0.0,0.0,0.0,0.0,0.07369271576465944,-0.2566731712601228,0.15622882674268865,0.1682405253037204,0.34375610935429596,0.05809149392012175,-0.0016060236070690984,0.5441745584735417,1.5699278091970095,0.43958432593779806,1.4742366806575584,1.8657707823254535,1.1381134538072604,3.4976620169240453,-1.7353968356771465,3.059544685708035,2.6474945971030075,1.8568451225786384,-1.9277749873407923,2.8125430878617563,-0.633630735372164,1.260003152102567,0.07867483183752776,-0.002464257931188372,0.1658307181041355,0.027631160664448456,0.09178234231159776,0.06902896049796893,0.0,0.0,0.0,0.0,0.0,0.0
GGAACTGACACGCAGACATTCAGCGGCTCCGCCGCCAATG,0.0,0.0,0.0,0.0,0.0,0.0,0.07369271576465944,0.11229542849200873,-0.30563542716373293,-0.2814295939606352,0.1954064713060964,0.5585437502610658,0.49136077699391645,0.3236231892732709,2.170264871983048,-0.9416254683089733,2.0421445269501586,1.9893580811732225,0.05973884183545143,3.8594494578372758,-0.6339446229529722,0.6864006344689485,1.3803311727310275,0.5935207078901911,0.45988120738797883,1.0227989237052293,0.7153086760272731,0.05259098146630156,-0.3514568839037271,0.4606258897229938,0.16647004486798758,-0.2968778829020569,0.09178234231159776,0.0821950212785321,0.0,0.0,0.0,0.0,0.0,0.0
TTCCGAAGCTGGAATCTGCTCTCTGGAGGCAAGGCTGCCC,0.0,0.0,0.0,0.0,0.0,0.0,-0.07369271576465944,0.030131662800119297,-0.15104107183940896,-0.28456106722764324,-0.1442831830945381,0.363069646939007,0.2113820047843406,-0.07616592556889026,0.6094314849961431,2.8782838451347095,1.784862943822195,1.7548813518823405,2.5517627985015277,6.019761395877326,-0.02056959213781448,2.8808199958695555,2.532890741962769,1.7887651780570812,1.213850514304816,-0.25901805557579677,-0.011029457446326132,0.35161690543780577,0.31273706154446146,0.36235358544752144,0.23139923896670644,0.2612081532791819,-0.24248343653630441,0.06902896049796889,0.0,0.0,0.0,0.0,0.0,0.0
CACAGATGCAGGCTGCAGATGCCCGGAAGTCCTTCCCATG,0.0,0.0,0.0,0.0,0.0,0.0,0.07369271576465944,0.030131662800119297,0.0016344714183646747,0.1517612976956538,-0.3561958912341708,-0.8464703050275212,-0.4059846524371253,0.2710648969545514,-1.0812781096446469,-1.592414675979433,0.6390423140336134,0.5536077111377813,1.0171255291660903,3.821992503958276,-1.6257580746804006,-2.9923091573612886,1.7182658281052796,0.45638203503051644,0.8172732125998923,0.5813704272575242,1.4386788373037196,-0.08882266503705505,0.4421410970759837,0.09361275009209653,-0.18694840195150758,0.07322972420345518,0.08546990240317065,0.06902896049796889,0.0,0.0,0.0,0.0,0.0,0.0
TGGGACCAGCCGGGGCAGTGAAGCGGAGGTCTTTCTCTGC,0.0,0.0,0.0,0.0,0.0,0.0,0.07369271576465944,0.11229542849200873,0.1557287307424246,0.1720279239269215,0.12667023457006005,0.8564437504908435,-0.3252867701895163,-1.3290635520530596,2.529788818933579,0.16046269231497343,1.9713267169188522,3.2267619626116586,1.1585856492766444,-7.815719948635844,0.7033661112906193,2.5837483968833754,0.42325701502709706,1.0532714220771249,1.4799149689302222,-1.254085282744238,0.2970510946439278,0.8345823814749258,-0.09473317797994275,0.5550161679237924,-0.03507088078472644,0.027631160664448512,0.08546990240317065,-0.23244142511121646,0.0,0.0,0.0,0.0,0.0,0.0
GAGGAGTATCTGGTACCCCAGCAGGGCTTCTTCTGTCCAG,0.0,0.0,0.0,0.0,0.0,0.0,0.07369271576465944,-0.2566731712601228,0.006322130321380449,-0.2613028355077988,0.32747386827428254,-1.0837276153288264,0.39299345340498437,-0.20820943454499696,0.7672759724936226,-0.9905562980177225,1.8181099586644294,-0.20110639016248552,-2.2543087011878304,-0.04777397500395297,3.688453653603627,-2.8270134579245147,-1.7198977652045024,-1.208629917972007,-0.6650552653300326,0.5202324557070539,0.39053494457254845,0.227555987180669,0.24902524746750285,0.07479164993556289,0.22854028555056488,0.30680671681818855,-0.24248343653630441,0.0821950212785321,0.0,0.0,0.0,0.0,0.0,0.0
GGGCTGGGCAGGCGACCCGCCGCAGGTCCCCGGGAGGGGC,0.0,0.0,0.0,0.0,0.0,0.0,-0.07369271576465944,0.030131662800119297,-0.15622882674268865,0.15190116547408525,-0.07843842319461024,0.45525894470237044,0.5371869153226919,0.5431939835461521,0.2612943517023364,0.7852626573259234,-1.7761202234971059,-1.9615671665816503,-7.594485652332427,-4.35972998876149,-4.328850996873265,-5.560708969592439,-4.020753747902251,0.42461775320440337,-0.5819463982167179,0.569327164090736,0.2685750123785029,0.2732859188835146,-1.1636093624849286,-0.6459635062949347,0.03164910298184842,0.19020220722894202,0.06523119182153611,-0.23244142511121646,0.0,0.0,0.0,0.0,0.0,0.0
GGGGTTCTCCACGGCACCCCCAAAGGCAAAAACGTCTTTG,0.0,0.0,0.0,0.0,0.0,0.0,0.07369271576465944,0.030131662800119297,-0.15622882674268865,0.32063382379233074,-0.07358528419271722,-0.3746605914829767,-0.5523524964363379,-0.8241351565715802,-3.4551675843697494,-2.745706486217509,1.8763139012840764,-2.9065387777202623,2.680481813228314,-0.5266552215032663,-4.942867066366209,-1.1591338691387247,1.4181732523975854,0.15040718699786126,-0.39022786628005957,-0.7695506516989192,-1.154075591085718,-0.520807886817875,0.028937854016933575,0.12782377376370146,-0.19386213684399578,0.06847362188870704,-0.24248343653630441,0.06902896049796889,0.0,0.0,0.0,0.0,0.0,0.0
GAAGAGAAAGAATACCATGCAGAAGGAGGCAAAGTAAGGA,0.0,0.0,0.0,0.0,0.0,0.0,0.07369271576465944,-0.2566731712601228,-0.30563542716373293,-0.7337817850619454,-0.8555347040690564,-1.2189338065935884,0.3700547881096046,0.08775953441175763,-0.7773217543620221,0.5094453053863508,-0.7882388718212733,1.4681305625614296,-3.962898348799941,0.3544448242194176,2.345265422186034,-2.2251002380352594,-1.8436496238043447,0.5207481493331441,-1.8162974394802616,0.6063978745624912,0.19795706746546657,-0.8156094299669941,0.8455058871533083,-0.5098029302967673,0.17464129065141235,-0.2968778829020569,0.0652311918215361,-0.23244142511121646,0.0,0.0,0.0,0.0,0.0,0.0
CGCCTCCTCCTCTGCTCCGCCACCGGCTTCCTCCTCCTGA,0.0,0.0,0.0,0.0,0.0,0.0,0.07369271576465944,0.1122954284920087,-0.30563542716373293,0.16824052530372013,0.1989168140553383,-0.5556400416609115,0.3046599801819479,-0.4312283677360726,-2.1928735606386027,0.21079707553595858,-0.5276143110848104,-6.383119834627753,-1.1911030723556055,-1.480952891490306,-4.8993928583785635,2.1470468176662507,-3.268232436969834,-4.189441190852694,-1.9775976519613534,0.9076669520370133,-1.350099720344053,-0.7770730460072705,0.2094269352298041,-0.563166910223645,0.46424474163500845,0.13700141227617815,-0.24248343653630441,0.06902896049796893,0.0,0.0,0.0,0.0,0.0,0.0
ACTGCTCAGGAGGAGGAAGCCGGTGGCGGAGCAGAGGAGG,0.0,0.0,0.0,0.0,0.0,0.0,-0.07369271576465944,0.11229542849200873,0.15104107183940899,-0.5813884865733335,0.29507866274182754,1.1116930985569442,-0.77961018478579,0.5011007612960708,2.749230470219533,-1.1296883338345283,0.5087821686987557,0.20347742850702838,-4.273339512695818,0.9394752183182331,-0.8514543229783771,-3.8025868187064984,4.3827335679698765,0.056853915817204184,-2.2499472046194895,1.8975520048358543,0.9756738424108321,-1.1736354677832128,1.16472370730033,-0.3601158064133789,-0.9718467209732363,-0.096575580338555,-0.24248343653630441,-0.23244142511121646,0.0,0.0,0.0,0.0,0.0,0.0
AGGGCTGAGGAGGGGTCGCGGCGAGGACAGCCGGGACTGG,0.0,0.0,0.0,0.0,0.0,0.0,-0.07369271576465944,0.11229542849200873,-0.15104107183940904,-0.03544075577173053,0.2630018902685482,0.14254116303845954,0.3922192966625647,-1.1440613203377081,-0.050531827597026194,0.11087865826764036,1.6239913605827718,-1.6667088023814167,-8.16288771323819,-9.544475801165678,-2.0227409498918205,-4.086607405206328,-2.254874428218967,-0.6060587877357685,1.0379674962489016,-0.8158595533582212,0.1709030579830825,-0.46218041926547637,0.28779344578916743,-0.8523280112191605,-0.4514657723110454,-0.13430683633756343,-0.24248343653630441,0.06902896049796889,0.0,0.0,0.0,0.0,0.0,0.0
CCTCAAGCTGTTTGCCAAAGAGGTGGCTCCAGTGCCCAAA,0.0,0.0,0.0,0.0,0.0,0.0,-0.07369271576465944,0.030131662800119342,0.0016344714183646643,-0.5778298574264008,0.39402905974051566,-0.2980928310156848,0.606928039731851,-0.8870281360176694,-1.4555815202583762,0.7431972658688123,0.10254226168369962,-1.603654043554792,3.3645669613712514,-6.562474280478285,0.5046211726861932,2.884373663451385,-2.22528077670443,-0.6753174527017201,1.189928521322372,-1.8332659426224742,-0.5520765622503724,-0.021117562942078352,0.39510829547876425,-0.16864046822719317,-0.161874500092015,-0.10133168265330326,0.06523119182153611,0.08121744333471534,0.0,0.0,0.0,0.0,0.0,0.0
GCAGGCCCTCGGCGGCGGCTCCCAGGGAGCGTCCCGGAAC,0.0,0.0,0.0,0.0,0.0,0.0,-0.07369271576465944,-0.2566731712601228,0.14827222500294354,-0.2613028355077988,-0.30299796534625545,-0.02056718178772763,0.2519471181345122,-0.9719340332006484,-0.3143920073350311,0.5213851217058061,-0.12463473644989374,0.9676181496830879,-1.1404956106684612,3.2966247349460986,0.3961231847747479,-5.800676649477364,1.815968916037472,-0.7519947385331608,2.57496542625302,-1.2996394184173121,-2.3684432049063138,0.6180998523357358,-0.4004384900839951,0.5731069903854881,0.2026418860593324,-0.10133168265330332,0.06523119182153612,-0.23244142511121646,0.0,0.0,0.0,0.0,0.0,0.0
GGTGCACGCAGCGGCGGGAGCCCAGGTACTCCATGCCCTG,0.0,0.0,0.0,0.0,0.0,0.0,-0.07369271576465944,0.030131662800119297,-0.15622882674268865,0.1517612976956538,-0.3700846728987605,0.46008390825198753,-0.670898431527941,-0.719728037451235,0.13999984024599424,-0.7980550079326659,-0.5040933465921061,1.9839434451283386,0.8493956627308349,-3.1516161127126687,-2.818395482730815,0.9708374787190541,0.6797450964615133,0.9430116758183352,0.8708903117929566,-2.0005066425311124,0.43281619883591693,-0.759278993873202,0.47123773040051375,-0.09293812958519647,0.20567033745206062,0.2612081532791819,0.09178234231159768,0.06902896049796889,0.0,0.0,0.0,0.0,0.0,0.0
GCCGGCCCCCAAGTGGACAGAGCTGGCCCTGCTGATTCAA,0.0,0.0,0.0,0.0,0.0,0.0,-0.07369271576465944,-0.2566731712601228,-0.0011343754181007085,0.2919909230639404,0.2554150140750641,-0.6916818612864509,-1.3209452189966884,1.0567193087443287,1.5240942323562983,-1.658156957938656,1.1061651549300944,0.9160335948757488,2.5172294474263084,-3.783344678199491,1.856510351528055,-0.12891147353379875,1.6732130435839496,0.08772202336447213,0.47792788800898645,0.4389314343584281,-0.7457760677150165,0.640149272352746,0.57709752907451,0.13018211035728,-0.11468494501033161,0.30680671681818855,0.09178234231159776,0.08121744333471534,0.0,0.0,0.0,0.0,0.0,0.0
TCCGGAAGGGCTAGGCGGGGGCGCGGCGGTGCAGCCTCTC,0.0,0.0,0.0,0.0,0.0,0.0,0.07369271576465944,-0.2566731712601228,-0.0016344714183646712,-0.039228154394931936,0.3177482154610005,0.22443013640560186,0.586270381783708,-0.6979310474457264,0.660331085932652,-1.5735861149157,-1.8476486226936277,2.7757259501983578,-0.7468165784407008,-9.817094107884122,0.33834768771958373,-2.190634447355881,-3.2674537905689816,1.4371649801325768,1.1990215153979924,-0.4691939656756917,0.8029075060651579,0.060107507888960486,-0.7563675757241193,0.3597240541598982,-0.20199735528009014,0.19020220722894196,0.09178234231159768,-0.23244142511121646,0.0,0.0,0.0,0.0,0.0,0.0
AACGCAAATAACCTTCTGTGTCATGGCTTGGCTAATAAGC,0.0,0.0,0.0,0.0,0.0,0.0,0.07369271576465944,-0.2566731712601228,-0.30563542716373304,0.3003671975610631,-0.22125247872949594,0.35473175918911093,-0.5377464193299303,1.0769597345314887,-1.5229475266852661,-1.3235609827609798,0.7583492866557492,0.6385164283558448,1.996406459176408,-3.8095899580558954,-0.5504306317292083,-2.2247591709612333,0.3662475347335874,1.8809425565560953,2.6368569330814107,-0.8613669252096164,-0.08435052547836533,-0.10184056913265205,-0.5975932079657309,-0.8312466393507222,0.35616521490752057,0.3020506145034404,0.08546990240317065,0.06902896049796893,0.0,0.0,0.0,0.0,0.0,0.0
TCAGCACCAAGTCTGAGTGGACCAGGATAGGAGGGAGCCC,0.0,0.0,0.0,0.0,0.0,0.0,-0.07369271576465944,-0.2566731712601228,-0.30563542716373293,0.1517612976956538,-0.35619589123417084,0.3912551449560618,-0.04059761904336851,0.6797578505357907,0.08665928092131941,1.9616877098105108,0.5409766922180327,1.2941600367619228,-2.4586550403770318,-6.958244936214381,0.8150052298374104,-0.177886679393994,0.4348737763230898,0.7980953128207157,-0.45808786412470465,-1.795843394714976,0.44567261740281583,0.36275274166144594,0.019934929768757464,0.25054361216020354,-0.2496598101010444,0.13700141227617815,0.09178234231159776,-0.23244142511121646,0.0,0.0,0.0,0.0,0.0,0.0
GGAGCAGGACTCCTTTCCTCCATTGGAGAATTAAAGGTAT,0.0,0.0,0.0,0.0,0.0,0.0,0.07369271576465944,0.1122954284920087,0.15572873074242474,0.32063382379233074,-0.3483816845310754,-0.14947896179965497,0.8256326775148107,-1.170322594653334,-0.3273639469023446,0.783832552153463,0.6465304738118718,-2.19155216048768,1.7257794443569234,-0.9048888960138592,-3.4619537967850036,0.3458567892485738,0.32386825909872574,0.32190752387994737,-0.025297272667133882,0.5938026989932141,0.14771004712991842,0.07113161183721198,0.10735137722332719,0.0494572455395541,-0.6113954586424479,0.13700141227617815,0.08546990240317065,0.06902896049796893,0.0,0.0,0.0,0.0,0.0,0.0
ACTGCTGCGCCTCTGCTGCGCCTCGGGTGTCTTTTGCGGC,0.0,0.0,0.0,0.0,0.0,0.0,-0.07369271576465944,0.1142460799679948,0.30563542716373293,-0.25395680773766344,0.4562945536586684,0.6095292185092973,-0.5483996151165477,-1.346058275150409,1.0917039576516927,-1.7747579472999113,-2.8592821956130665,1.7540667132940588,-0.1242110528739025,-3.6419119239612314,1.4727882557421847,-7.127999227041591,-2.241311837602261,2.7130912476279727,2.198819870302227,-0.2168678862406163,-0.8352214762062835,0.9727608710759356,0.1424484630488187,0.39643675717976357,-0.45260420258317957,-0.22587193685181692,0.08546990240317065,0.0821950212785321,0.0,0.0,0.0,0.0,0.0,0.0
GTTGAAGCCAGCTGATTATAAGATGGTTTCCTTTGTGGAG,0.0,0.0,0.0,0.0,0.0,0.0,-0.07369271576465944,0.1122954284920087,-0.0011343754181007085,0.14455513770394984,0.05055890452302846,0.2125148435257446,0.029197830370358425,0.35418609873838053,0.8672287700705352,0.3189773223084669,-0.9679194051043434,0.009710925774640567,2.0606674330264876,1.1997039212875489,-0.9794725579984359,1.5721941076819346,0.6000235072459211,2.601420472558742,0.24947662533691523,-0.9306836519903975,1.6847180151395964,-1.4286483116054487,-0.10067698180038626,0.17814517052745976,0.0881134915333193,-0.06330089028732379,0.06523119182153611,-0.23244142511121646,0.0,0.0,0.0,0.0,0.0,0.0
CGGCCAAAAAAGAACTGCACCTCTGGAGCGGGTTAGTGGT,0.0,0.0,0.0,0.0,0.0,0.0,-0.07369271576465944,0.1142460799679948,0.15572873074242474,0.27186416461110435,0.12971031728655735,0.3858853250306992,0.2113820047843406,-0.05361459298164199,-1.2183472305410097,-0.9604916392521337,0.7736692371408247,-0.4232619001587902,2.4662187916123455,-2.6368971354479296,-5.62061284545009,-0.8104103679639868,0.9331132911842671,0.6640060762342602,1.2111616066388562,-0.47566395369055336,0.5898863391023278,0.4402507873671233,-0.04649993936919032,0.2580656832384941,0.38137992247869923,-0.06330089028732379,0.09178234231159776,0.06902896049796889,0.0,0.0,0.0,0.0,0.0,0.0
AGCACAGAACATGTTGTTATAGATGGTGAACTTTGTAGAT,0.0,0.0,0.0,0.0,0.0,0.0,-0.07369271576465944,-0.2566731712601228,-0.0016344714183646157,0.1360389954283958,-0.8555347040690564,-1.1172480764345507,-1.4317736504974337,1.2543407993850602,-1.0605650504885773,-2.854506796113662,1.5523239877717094,-2.2357122399813862,3.99519742854135,5.092944558650885,2.8486863768657695,-1.5741368207937194,1.6256579979644294,-1.5267729893458382,-1.8562516751112252,1.077920936257848,-1.0615556605115273,-0.7468100816922584,0.8986281785427112,0.48855685665037235,0.19722800290976664,-0.39567724139382676,-0.24248343653630441,0.06902896049796889,0.0,0.0,0.0,0.0,0.0,0.0
TGAGTTCGACTACGTGGAGAAGCAGGCATCCAATGGTGTC,0.0,0.0,0.0,0.0,0.0,0.0,-0.07369271576465944,0.030131662800119297,-0.30563542716373293,0.2884322939170062,0.4114583738572722,-0.5869340395386408,0.962489937138971,0.1958976622397371,1.3573920434424784,-2.230525336901616,1.0904732197544358,-5.621526036303524,-6.17000257099255,4.8597131609409745,-1.7996750000652426,-3.1673793962565817,0.9997552990582504,-1.7545243051025856,-2.82131607633455,-0.36730305214939607,0.36011408032944764,0.6330631726465976,0.26609374691967747,0.18474744714966526,0.04789402673139609,-0.09657558033855505,-0.24248343653630441,0.08121744333471534,0.0,0.0,0.0,0.0,0.0,0.0
AAGCGACCAAAGCGCCTGAGGACCGGCAACATGGTGCGGT,0.0,0.0,0.0,0.0,0.0,0.0,0.07369271576465944,-0.2566731712601228,-0.0011343754181007155,-0.2740835661904997,0.3916455398945592,-0.24957127134409593,1.0065205670865163,0.06981673441223604,-0.6722009561163249,1.9040273060844064,-1.146335968590174,-2.3745997365767026,-3.861756971342364,-4.944528192330078,-1.2583067450404146,-3.4556345764501923,2.7385411973187956,0.25753282337675093,2.2917264375285473,-1.5832491130387272,-0.5179817033312167,-0.5330727484071326,0.4206702326464832,-0.3392673892975004,-0.3886310720442287,-0.22587193685181692,-0.24248343653630441,0.08121744333471534,0.0,0.0,0.0,0.0,0.0,0.0
CTACCTGGCCACAGCCTACATCCTGGTGGTGGCGGGCACT,0.0,0.0,0.0,0.0,0.0,0.0,-0.07369271576465944,0.030131662800119297,0.006322130321380433,-0.25395680773766355,0.26943435898276363,0.909416017278273,0.36305484326747234,-0.5519570827575454,1.3046305944923366,0.26314907219354866,2.0254649252538974,0.19367810547041214,-1.857855958597224,2.0281532103466833,-0.06566893516145944,-3.212220354346241,3.6977216512773246,0.08202761435067964,0.38461050944163905,-0.5960979558860292,0.4782625736959181,-0.22020659757696667,-0.20045037248842265,0.2705533769095515,0.11485657605030276,0.144235670253695,0.09178234231159776,0.06902896049796889,0.0,0.0,0.0,0.0,0.0,0.0
GATGGCACTGACAATCCCCTTTCTGGTGGGGATCAGTATC,0.0,0.0,0.0,0.0,0.0,0.0,-0.07369271576465944,-0.2566731712601228,-0.30563542716373304,-0.15919115353195032,0.04977554088696184,0.6385606044254837,0.08580237981809183,0.10397673017141584,-0.6429496019469814,2.2293267682419025,-1.2651171902283256,1.3149812910435648,0.06134894383492041,5.825750616301955,-2.6367929353092014,1.950183366583078,1.7078408669399594,0.8180502061547282,0.03969988848561054,0.36415343320847415,-0.03844251876607012,0.14513423362614708,-0.1332705699639062,0.1688764108714432,0.2026418860593325,0.2310446684532002,0.09178234231159776,-0.23244142511121646,0.0,0.0,0.0,0.0,0.0,0.0
AATGAGGAGCTCCAAGAAGACTGAGGTGAACCTGGAGGCC,0.0,0.0,0.0,0.0,0.0,0.0,0.07369271576465944,0.11229542849200873,0.15622882674268856,0.16454202837835458,0.34867912391584616,-0.25026444019823474,0.39652344459337696,0.21563942345422749,-1.5531666784206515,-0.7033841319371289,-0.24287571377769623,-3.3461352305628878,-2.190685659635099,1.873793238926764,-3.059311796145415,-0.3383625249590164,2.6695212117078073,-1.3924613388820164,-3.9929174221577917,1.1059971918669302,0.2933806676801088,-1.8805120717730193,-2.1674655018373223,-0.9618665271443523,0.2654765863261474,0.13700141227617815,0.06523119182153611,-0.23244142511121646,0.0,0.0,0.0,0.0,0.0,0.0
AGCGAAGAAGACAAATCACAAACTGGTGTGAATAGAGCCA,0.0,0.0,0.0,0.0,0.0,0.0,0.07369271576465944,0.1142460799679948,-0.0016344714183646157,-0.15933102131038201,0.34307131977464167,0.8166822319891232,-0.16966565482715545,1.0862464250877486,-0.22334864562556728,1.2295866613226558,-1.1037916624789326,0.6618481042409852,1.3452818926182029,3.31363575409951,-0.40676918251329575,4.45435230189144,0.3631160051236808,0.7688572033823663,-0.5530679130794846,0.37733198925071093,0.363407319930228,-0.12962874075487807,0.3910599869446,0.24260962158970148,0.35754785861884225,-0.03032573660306323,0.06523119182153611,0.08121744333471534,0.0,0.0,0.0,0.0,0.0,0.0
GAGGGGGCGGGAAGAGCGCGTCCTGGCCAAGCCGAGTAGT,0.0,0.0,0.0,0.0,0.0,0.0,-0.07369271576465944,-0.2566731712601228,-0.006322130321380447,-0.039228154394931936,-0.2874596544981343,0.06770433181761615,0.1822019754512783,-0.27962323712076204,0.7930290426565714,0.018249930528377076,0.07164815619806884,2.44689753893641,-1.7088953443345023,-3.4165755338820536,-0.2246028255284287,-1.676695399453908,-0.24750578972845647,0.8593665207197263,0.7725932143638843,0.20043079233695799,1.6743523928555135,-0.3256487865979912,0.10886335829431106,-0.33852195503370985,-0.11492751056266305,-0.13430683633756343,0.06523119182153612,0.06902896049796889,0.0,0.0,0.0,0.0,0.0,0.0
TTCCTCGTCTGATAAGACAACAGTGGAGAGTATGCATTTA,0.0,0.0,0.0,0.0,0.0,0.0,0.07369271576465944,0.1142460799679948,-0.15104107183940896,0.11278076370855121,-0.7223475328202601,0.04887282740300095,0.3536397573195126,0.20325776056047495,0.6047338115804464,-0.6272998555306355,-0.6605904654182481,-2.954163428770719,-2.088385059123626,3.0203717731982795,-6.7322649355856035,-0.3272471381140922,1.0523812166991966,0.5453501379581349,-0.7409629595333761,0.3008426414453592,0.022404990701876428,-1.0706320793540451,-0.9404376535480606,0.20980738985593578,0.08382752924965456,-0.46668318744406734,0.09178234231159776,0.08121744333471534,0.0,0.0,0.0,0.0,0.0,0.0
GGTGTGAATAGAGCCAGCAAAGGAGGTCTTATCTATGGGA,0.0,0.0,0.0,0.0,0.0,0.0,0.07369271576465944,0.11229542849200873,0.3056354271637328,0.30050706533949456,-0.7833410305063927,-2.0558166194118783,-1.4427821970514496,-0.2384194134793357,-0.4111633008970018,2.1809673211236626,0.2849350533872065,0.5048216357099963,1.723995040352051,2.7871929792303445,2.7940090613923942,0.37124737953970355,-1.9328542078642312,1.2143223786121151,0.10940820256747577,-0.5161407646440759,0.0990895270440324,0.6102843472690876,0.3123614926202804,0.12823629530149153,-0.6822554487542057,0.2310446684532002,-0.24248343653630441,0.06902896049796889,0.0,0.0,0.0,0.0,0.0,0.0
GGAACAGATTCTGGAAAGCTCCTCGGTAGGTCTTGGACGG,0.0,0.0,0.0,0.0,0.0,0.0,-0.07369271576465944,0.030131662800119335,-0.006322130321380371,0.1414236644369416,0.3728662613823604,0.2022125054379968,-0.7735767265918844,-0.9340110254078461,0.5451672289811066,-0.22027354899121535,0.2799535072037721,1.3438534278732859,-2.016358685331461,0.35216895275953947,-1.2527645296116616,-3.7179791597668927,-1.7256899216792294,0.5493775706144028,-0.30500630812336915,-0.8834202220596294,0.25454248938636215,0.1618485879173486,0.40858723801288455,-0.42918891563458067,0.12636801279801074,0.07322972420345518,0.08546990240317065,0.0821950212785321,0.0,0.0,0.0,0.0,0.0,0.0
GCAGACTCGCAGACGCCCTCTGCTGGAACTGACACGCAGA,0.0,0.0,0.0,0.0,0.0,0.0,0.07369271576465944,-0.2566731712601228,-0.006322130321380447,0.2919909230639404,0.2867755703547446,0.5831620235371037,0.14427767973369557,-1.340430702026712,1.3738097510109588,1.729903352278096,-1.819751333332647,2.4848097009256964,4.387525826262404,-3.5738079380938865,-0.813856682811435,2.1038471015251012,-1.633938655852725,1.7942992585303277,0.47991962542342737,0.9782653115428421,0.0913942226106536,0.16873304909580766,-0.6006523876324229,0.5513914178720951,0.2852844016776648,0.06847362188870704,-0.24248343653630441,0.06902896049796893,0.0,0.0,0.0,0.0,0.0,0.0
GGATTGTCGTCTTCTGTCCAAGTTGGTCGCTTCCCTGCGC,0.0,0.0,0.0,0.0,0.0,0.0,0.07369271576465944,0.1142460799679948,0.0011343754181006738,0.1412837966585101,0.1985573791112279,-0.30055138789750807,0.5981595187062045,0.34213838045490635,-0.16678430779427278,-3.221416739443639,-2.1454346165203795,0.36940721980367275,-0.017277051033602775,2.53387432371407,1.9160305155959918,-2.2199640690804117,-0.4157157911228229,-0.8699600416143685,-1.5293945296961284,0.7642934781958207,0.04654702519571274,0.07992148858473573,0.5075684150612778,-0.12616994214470167,0.23735085809784223,-0.06330089028732379,-0.24248343653630441,-0.23244142511121646,0.0,0.0,0.0,0.0,0.0,0.0
GCAGAGGCGCAGCAGTGCCACAGCGGCTCCGCCTCTGCCG,0.0,0.0,0.0,0.0,0.0,0.0,0.07369271576465944,0.030131662800119342,0.30563542716373293,0.1682405253037204,0.34317894650693287,0.5521684364071914,0.49136077699391645,0.3236231892732709,2.0036419646853343,0.4508279913964674,-3.3039172694268015,-5.982751668552265,4.344286043738977,2.7446983692381206,-2.3435025188772323,3.7173708402395937,-2.2757506365683935,-1.5787542120128475,1.5084217278282166,-1.087063674573941,-0.8990162704304736,0.0014520686544665482,0.8191297044684801,0.06657601933052547,0.45543416908773154,0.0914028487371718,-0.24248343653630441,0.0821950212785321,0.0,0.0,0.0,0.0,0.0,0.0
AACGGCCATGGCGGGCTGGATCCAGGCCCAGCAGCTGCAG,0.0,0.0,0.0,0.0,0.0,0.0,-0.07369271576465944,0.1142460799679948,-0.0016344714183646712,-0.039228154394931936,-0.3013484361627243,0.4847801732351583,-0.8748808183273669,-0.8943298142687212,0.6124602584653202,-0.47622262651147457,0.3938067862817583,1.9065632663158194,-1.2442888310637121,2.368186807895252,-0.8381096955575076,-1.4530268800704118,0.43782032370638224,0.27845419926848897,-0.43484343490597915,0.6995210547278282,0.08696125238822669,-0.5252488765132698,0.29146465641603914,0.416550717100437,-0.13084545329136674,0.13224530996143,0.09178234231159768,-0.23244142511121646,0.0,0.0,0.0,0.0,0.0,0.0
CTGGAGCCAAGATGGGGCTCTGCAGGACACTTCCTGCCAA,0.0,0.0,0.0,0.0,0.0,0.0,-0.07369271576465944,-0.2566731712601228,0.0016344714183646747,0.15190116547408525,0.09335442208821189,-0.6139381275784268,0.6747478029736762,0.029178990514160487,1.2191255157027587,-2.372739809198869,1.3544249846489596,1.1170577666948498,1.7448058253126255,-2.9402966677200704,-0.24359639993162313,1.4177573143402808,-0.3174782989249833,-0.6697621759203831,-0.01749573268431866,-0.837713482056252,0.11001920494889529,0.6304628538154822,0.0991405886991382,-0.4369785451310467,-0.5392510823200729,0.13224530996143,-0.24248343653630441,0.08121744333471534,0.0,0.0,0.0,0.0,0.0,0.0
AGGGGGTGGGGGGAGTTTGCTCCTGGACCCCCTATTTCTG,0.0,0.0,0.0,0.0,0.0,0.0,0.07369271576465944,0.030131662800119297,-0.006322130321380447,-0.039228154394931936,-0.30134843616272416,0.17733542913240094,-0.3378579053771261,0.3917510150269623,0.3044928522532422,0.9298125707664889,0.7419220179505868,-5.09660495170096,-0.8026753992734826,-2.0456900883581217,-2.8162030862215857,2.5216690327871,-1.7821507096507612,-2.060243893571765,-3.0806624014138015,0.814201346236537,-0.09879220856799992,0.5349706617000762,-0.23432898754605305,-0.0930977582965688,0.08801688191947117,-0.10133168265330332,-0.24248343653630441,0.08219502127853208,0.0,0.0,0.0,0.0,0.0,0.0
ACCGCCGAGGCTGCTGGAGGAAGTGGCCGAGCAGTGCCAC,0.0,0.0,0.0,0.0,0.0,0.0,0.07369271576465944,0.11229542849200873,0.0011343754181006738,-0.15198499354024667,0.2829247690047601,-0.8102053321873711,-0.3942375469037623,0.48685064637115694,-1.1954570421238109,-0.9341277628911038,-3.327422870839756,-0.8709987593482922,-0.015723524151187836,-9.583929453275353,-2.1553001578850703,2.8452519170814288,-1.0642669526655106,-1.3507268891359654,-4.79870497432373,-2.083569791161832,0.18946737130444904,0.5854671541311554,-0.643263060707518,-1.1159842700780074,-0.9718467209732363,0.19020220722894196,-0.24248343653630441,-0.23244142511121646,0.0,0.0,0.0,0.0,0.0,0.0
AATGCAAAACTCAACCCTACCCCAGGCAGCAATGCTATCT,0.0,0.0,0.0,0.0,0.0,0.0,0.07369271576465944,0.1142460799679948,-0.14827222500294354,-0.2575154368845973,0.30417998275974295,-0.05438453887566238,0.25747043971064654,0.5503935812447607,-1.641854559826266,-0.8682696744777801,-0.0442875168077696,0.36517462854541266,0.5875354945814533,-0.875030212525615,-2.959923730383049,0.03270769578931679,-2.7032274530759723,1.3086223226996543,0.1201429537803993,0.7754841890138651,0.6671976051704688,-0.9389994582321827,0.32257875450699847,0.011215798284910867,-0.09101450998025902,0.13947956793894672,-0.24248343653630441,0.08121744333471534,0.0,0.0,0.0,0.0,0.0,0.0
TATGAATCCATCTTCCTGACCCTTGGGACCAGCCGGGGCA,0.0,0.0,0.0,0.0,0.0,0.0,0.07369271576465944,0.1142460799679948,-0.15104107183940896,0.3003671975610631,-0.19131643146288926,0.08152859610666541,1.1351864134971525,-0.400139593043493,-2.0035194052273004,-2.9312535311714876,-2.1909057103659375,0.5549157922727492,-3.171189619923035,-0.3373392996174784,-4.216008717015534,-1.2077873915834394,-3.323147050189213,1.9907933771284787,1.0611475585713506,0.4105825630161989,-1.7078883973832177,-2.0800541233894125,-0.8670809457562795,-0.31610633076105094,-0.45963701809446994,0.23580077076794845,0.06523119182153612,0.0821950212785321,0.0,0.0,0.0,0.0,0.0,0.0
CTCGGTCAACAAGTGGAACTCTAAGGTACTGAAGAACTAA,0.0,0.0,0.0,0.0,0.0,0.0,0.07369271576465944,-0.2566731712601228,-0.14827222500294354,0.3204939560138991,-0.784124394142459,-0.8544265806923511,-0.6430602082671091,0.1932721512355956,0.9392171846423011,-0.11506670665910466,-2.552585240787877,-1.9721974814933685,2.2719035250028217,4.991864454885885,-0.9120672029566731,2.4329556028366484,-2.1580236823847754,-4.033953424384888,-0.7784562479570697,0.7436302419807062,0.24865242066271895,0.73220612312104,0.31457822838195915,0.26975161465005115,-0.2777621633532658,-0.1343068363375635,-0.24248343653630441,0.06902896049796889,0.0,0.0,0.0,0.0,0.0,0.0
CTGCTAGGTGATGATGTCAGATTCGGTTTTACTAACTTCT,0.0,0.0,0.0,0.0,0.0,0.0,0.07369271576465944,0.1122954284920087,0.15104107183940899,-0.1518451257618151,-0.07757225764714613,0.3505602882818166,-0.25255067451593505,0.5374316406445683,0.639974159464814,0.17384171345471333,-1.3224894194797405,-2.0307094388172438,0.8138440539656467,-5.965850277704149,1.477294122850758,1.1657707943803657,-1.8112090305264514,-2.711739740657437,0.18318732690828665,-0.0664276409703122,-0.2985695292795747,0.915112129809731,-0.33094172745169903,0.11053961914134373,-0.32947632869856186,0.2310446684532002,0.09178234231159776,-0.23244142511121646,0.0,0.0,0.0,0.0,0.0,0.0
AGGGAGCAGAGATGTGGGAATGGGGGCCGAGCCAATTGTG,0.0,0.0,0.0,0.0,0.0,0.0,-0.07369271576465944,0.11229542849200873,-0.15572873074242463,0.30050706533949456,-0.3660976994443307,0.28435759061732974,0.7971823695930051,-0.3280463710849848,-1.589325992251993,-3.1414678535145466,-2.1814994423992267,2.1997767447955425,0.002578574115632849,1.3659329173418584,-3.7552165619031026,-0.42902454907516185,-2.798827843398819,-0.692694196840462,1.4234511740246014,-0.48237935095501566,0.34800275250076207,0.23253999100993164,-0.4291295989417439,0.3404831789767464,-0.18569089106057113,0.020396902686931687,0.06523119182153612,-0.23244142511121646,0.0,0.0,0.0,0.0,0.0,0.0
AGGGGGACTGGGGTCGGGAGGGTGGGGCAGGAAGGAAGCC,0.0,0.0,0.0,0.0,0.0,0.0,0.07369271576465944,0.1142460799679948,0.006322130321380449,-0.5813884865733335,0.2669098916559294,-1.6577091436858649,-1.6987015886066605,-1.1670524066856474,1.0867061167065128,-0.6841604369318403,3.847792606424658,-1.911830719778536,1.1040201325709371,-3.683774894915415,2.1266334330613996,1.1418291983089743,-0.857019514702354,0.8261628504022909,1.111961064248061,-1.7937298050228183,-0.8146421403058413,0.5094113169723413,0.627927387540745,-0.22068599124332247,-0.04255109956566796,0.06599546622593838,0.09178234231159768,0.08121744333471534,0.0,0.0,0.0,0.0,0.0,0.0
AATGAGAAAGCTGGAGAAGGGGGAGGAGTGATCCAGGTAA,0.0,0.0,0.0,0.0,0.0,0.0,0.07369271576465944,0.11229542849200873,-0.15572873074242474,-0.5851758851965347,0.038341218237909605,0.4429210011075556,-1.7422615197087647,-2.5205122255179253,-2.6089568900995284,-1.3863700562018788,1.9357109547403286,-3.6266041618372875,-7.035433328805858,-9.029241597626578,6.225018692251738,-5.647549094424175,-3.6906594035114657,-3.9193909825268154,-5.482239986073118,-2.0393522773781845,-2.4621392179246047,-2.1991629869863694,0.1824289190884154,0.21343895070011729,0.1658307181041355,0.027631160664448512,0.09178234231159776,0.06902896049796893,0.0,0.0,0.0,0.0,0.0,0.0
TTGGCGCAGGGAAGCGACCAACTTGGACAGAAGACGACAA,0.0,0.0,0.0,0.0,0.0,0.0,-0.07369271576465944,0.030131662800119335,0.0011343754181006738,-0.035440755771730496,-0.16631821364992358,-0.7643639340640374,0.36238868972998334,-0.26651048604548677,0.5517899054866399,0.13687632701469712,0.6885851023784206,3.0836877376629817,-3.365841087223584,2.0817379407876815,3.1185681406816492,-0.5077626731106478,0.8944178916943314,-0.26802732955116676,-0.4843264416106271,-0.12208811250506207,0.7731206873535522,-0.3921512464775913,-1.3462457046569205,0.13950586807151058,0.22258866641942893,-0.39567724139382676,0.06523119182153611,0.08121744333471534,0.0,0.0,0.0,0.0,0.0,0.0
GAAGAAGAGGGGGAGAGAGTTACAGGTTGGACATGATGCA,0.0,0.0,0.0,0.0,0.0,0.0,0.07369271576465944,0.1142460799679948,-0.0011343754181007363,-0.15198499354024658,-0.2355036762627971,0.438491735366196,-0.3506247789820396,0.9003992734367856,0.5623863982105345,-0.17347088080960413,0.883721155055774,-1.671686775800751,-1.7560486504935566,4.745055113638673,-1.076497023198437,0.43225036106696446,0.3721040987166707,-1.4270311290657687,-1.6071533035901715,0.6722920895034159,0.6772710766199336,0.5415797334631826,-0.1693304949355762,0.1637634788531285,-0.18694840195150747,0.027631160664448456,-0.24248343653630441,0.08121744333471534,0.0,0.0,0.0,0.0,0.0,0.0
ATGGTGGAAGAGTTTGTGGAAGGGGGTCCTCTGGATCTCT,0.0,0.0,0.0,0.0,0.0,0.0,-0.07369271576465944,0.11229542849200873,-0.15622882674268876,-0.5813884865733335,0.4231917810880494,0.44001690109495234,0.26742648119833784,0.23531161047211457,-0.3098450835062554,-0.5203590913187846,0.2792877353354873,2.1667479567708803,-1.5738730764359197,3.2207197146428674,2.1284592603435284,-2.176470372795787,4.9570764120219595,-1.7076378891990394,-2.3942753208673397,2.2236166346417123,-0.17814556653950145,0.11497868518139988,-0.004635219022963105,-0.15215470720787633,0.20683123872914977,-0.13430683633756355,-0.24248343653630441,-0.23244142511121646,0.0,0.0,0.0,0.0,0.0,0.0
TGCAGTTCCCAGCTGCACGCCTCGGGAAGCGCCGCACTCT,0.0,0.0,0.0,0.0,0.0,0.0,-0.07369271576465944,-0.2566731712601228,-0.0016344714183646157,0.16454202837835458,0.16526892162679882,-0.05852575825304201,0.7467280388853368,0.40251470111455934,0.23640101381278522,1.0883109763019476,0.3518793893420842,-0.6148845694745592,0.6047871263512697,-2.5740717431770235,-3.168708861437844,1.1746364851200406,-0.33620680156958965,0.7016874332459919,-0.41108871820777637,1.077202628072209,0.35875623108398896,0.37981410214768263,0.856446962634596,-0.713124784102364,-0.4914426715606376,-0.096575580338555,-0.24248343653630441,-0.23244142511121646,0.0,0.0,0.0,0.0,0.0,0.0
CAAGAAGAGGGAAACGTGTGGCTTGGAGTTTCAAGAAGAG,0.0,0.0,0.0,0.0,0.0,0.0,-0.07369271576465944,0.030131662800119335,-0.15622882674268865,-0.035440755771730496,-0.16631821364992358,-0.19193362026590563,-0.05002803234098898,0.0031876232094531485,0.3343070167294924,-0.1233180614263796,-1.6968023032927668,0.1759460798515492,2.8465408317460126,-4.958191189683958,0.811477576847061,1.2096232595161598,-0.7860849767732921,1.9607445479991323,1.2072407012329347,-0.41658177262156376,-0.43832835503846673,-0.21228306353815377,-0.4870111447319443,0.787718210579488,-0.3208117120897688,0.2310446684532002,0.09178234231159768,0.06902896049796893,0.0,0.0,0.0,0.0,0.0,0.0
CCAGGTGGGTCTCGGGACTGGCAGGGAGCCGCAGCTTCAT,0.0,0.0,0.0,0.0,0.0,0.0,-0.07369271576465944,0.1142460799679948,-0.30563542716373293,0.14498229358387546,0.37704456683872467,0.25868247531440963,-0.38785831932635323,1.200671351299778,-1.2106515063255383,-0.05850544889631579,-0.829412703424225,1.7187430370030552,0.17409789139229073,-3.9557902359369086,2.2212690355846183,0.901629321601854,-0.9510702591635285,0.18537079153496638,0.5016027516013117,-0.21854918575314905,0.6189967438044944,0.26783657474749534,1.1027606421598548,-0.41709530011456636,0.034552421554191325,0.30680671681818855,0.08546990240317065,0.0821950212785321,0.0,0.0,0.0,0.0,0.0,0.0
GCCGGAGTATTTCAGGGGCTCTTGGGAAACTCCTTCATAC,0.0,0.0,0.0,0.0,0.0,0.0,0.07369271576465944,-0.2566731712601228,0.0011343754181006895,-0.43316696709305336,-0.28356146863817655,0.7833599073968,0.5149873216532456,-0.1530004527937467,-0.24182191033049413,-1.2848339339327748,1.185729151791766,1.0343117062550835,2.690154906892941,3.414749678850442,-0.42735639724154595,2.1591255161508496,-0.9351540238842497,-1.0557492003610078,0.6886795463363699,0.3393256087105642,0.043963882563802216,0.08144070598007036,0.10023143754130465,0.5020792307102988,0.1661989561091188,0.027631160664448456,0.06523119182153612,0.0821950212785321,0.0,0.0,0.0,0.0,0.0,0.0
CGAGAATGAGGGTCCTTTGGGAAAGGAGAAGTTAAGCAAC,0.0,0.0,0.0,0.0,0.0,0.0,-0.07369271576465944,0.1142460799679948,-0.15572873074242474,-0.159331021310382,-0.10650634854515803,-0.07948837966807007,0.15446806779607375,0.03501287551099811,-0.12449095885556426,0.04421050769792763,-0.7195932258719121,0.3901655617204689,-1.967489698644238,-6.450464853032365,2.8956901336046483,0.48141397807680186,1.0782734044567142,-0.4751754571752883,-2.089613666256476,-1.9435467239773663,0.14465397927689266,-0.48869860852539426,-0.006151076985235399,0.2641482910913624,-0.39744164459150655,-0.22587193685181692,-0.24248343653630441,0.08219502127853208,0.0,0.0,0.0,0.0,0.0,0.0
CAGCGGCCAGAGACCGAGCCCTAAGGAGAGTGCGGCGCTT,0.0,0.0,0.0,0.0,0.0,0.0,0.07369271576465944,0.1122954284920087,-0.14827222500294354,-0.0032392258964063147,-0.35748300454899,0.4923579941931607,0.7361157889316303,0.44652382869864227,-0.760654106436055,-0.15434736463552123,-1.883176455866043,1.6359320087946856,1.2348044213128095,-0.2964874314250608,-1.4919108184600967,1.1969913742824776,-0.4737362236547494,1.5118232391773967,0.20977589169545677,0.7587794278162333,0.3178046161307877,-0.3844910547833999,-1.5210046323511734,-0.984095787218945,0.23735085809784212,0.3020506145034403,0.06523119182153612,0.06902896049796889,0.0,0.0,0.0,0.0,0.0,0.0
CTGGTTGTGGCAGCAGTCACTGGGGGACTTGCCACGGCAG,0.0,0.0,0.0,0.0,0.0,0.0,-0.07369271576465944,0.1142460799679948,-0.15572873074242463,-0.5851758851965347,0.024452436573318855,0.13722153639866838,-0.11330759701800985,0.16394961892801496,0.04507081325067955,-0.7646498763042375,0.7295097779387011,0.26548893500710113,0.5884861585103145,-0.8404099142518481,-0.6979538087631662,-2.642239868461106,1.6080157566891897,0.401844224065627,-1.2343224966649884,0.7634415042548099,-0.32345382941423073,1.142948593313014,-0.5253002008617481,0.23346416625269578,-0.11468494501033161,-0.030325736603063175,-0.24248343653630441,-0.23244142511121646,0.0,0.0,0.0,0.0,0.0,0.0
CAACAACAGCAGCAGCCACCTGGAGGACTACAGTGGCCTG,0.0,0.0,0.0,0.0,0.0,0.0,-0.07369271576465944,0.11229542849200873,-0.0011343754181007363,0.28843229391700603,0.28383661751724015,0.7130307434346606,-0.3478628873670268,0.7039191734613713,1.3129603370524183,-0.6203403497288374,1.791238529392458,-3.019313851102049,-1.6052345157793462,-0.4521721704323971,-1.7945354602989232,1.3186259965458142,1.2697353284169453,-0.9504867467468062,1.1714063091105527,0.9631251079232288,-1.4210159464508276,-1.5171947776789745,0.6155309702452446,-0.5724438190617726,-0.900840774922993,0.13947956793894672,0.0854699024031706,0.0821950212785321,0.0,0.0,0.0,0.0,0.0,0.0
CCTGGAGCCAGCCCCTGGCCTTCAGGACAAAGCCTGCAGG,0.0,0.0,0.0,0.0,0.0,0.0,0.07369271576465944,-0.2566731712601228,0.0011343754181007294,0.26451813684096837,-0.1442831830945381,0.618568905814852,0.3158137746949896,-0.8987110330057293,1.156859622380652,-0.6530959413347376,0.24228284785991577,1.7938804905845833,0.01928035926540219,-2.7299153759283867,-0.7793233480576848,0.12267866946508393,-0.9363592951363756,-0.7458314014157261,1.7408094867162651,0.05222266166901425,0.26258717805224285,-0.49722900145617677,0.12807299592812493,0.010168558742004272,0.04813659228372808,-0.06330089028732379,0.06523119182153612,-0.23244142511121646,0.0,0.0,0.0,0.0,0.0,0.0
TGGTCCCAAAGGCGGAGGGCGTTAGGAGGGAGGCTGGGTT,0.0,0.0,0.0,0.0,0.0,0.0,0.07369271576465944,0.030131662800119335,-0.15572873074242474,0.2683055354641699,-0.008675797734374897,-0.28011891453517296,0.4132116930761552,0.3437681583802307,-0.4532076479719152,1.3677906370462714,0.5534520690606012,0.2425194930951357,1.2596804175253264,-0.2904462064060452,1.2975432935742548,1.225153668115533,1.073081786036641,0.5685041476479988,2.0770024616613867,1.5088136714859386,0.7819719639015762,0.30743606369432336,0.03246163870573891,-0.8161201717909251,-0.12423883450507817,-0.06330089028732379,-0.24248343653630441,0.06902896049796893,0.0,0.0,0.0,0.0,0.0,0.0
CCTGAGTCCGAGCAGAAGAAGAAGGGCTCCCATCACATCA,0.0,0.0,0.0,0.0,0.0,0.0,-0.07369271576465944,0.1122954284920087,0.30563542716373304,-0.0033790936748377813,-0.49082861525477794,-1.0166501158945633,0.6936865321606629,-1.1531552968194927,-2.167544051406522,-2.6875645803959918,-4.193739665497982,-4.834415270792313,-3.6352070836544628,0.2624547271868123,-2.5996295508923235,-5.140753399933775,-7.492214894745296,-4.539711464054866,1.3377469841054914,0.5770911627201359,-0.12582473222609947,-0.03257042796937786,-0.09886022683739776,0.08289515032290207,0.38718558567135075,-0.39567724139382676,0.08546990240317065,0.0821950212785321,0.0,0.0,0.0,0.0,0.0,0.0
CGAGGCAGCCAGCATGATGAGACAGGTCTCCCACAAACAC,0.0,0.0,0.0,0.0,0.0,0.0,-0.07369271576465944,0.030131662800119297,0.15104107183940896,0.16468189615678624,0.34307131977464195,-0.24300503849854935,0.1507779683829877,1.0432385238548154,0.1827574632125189,0.9618773948633572,1.371350242972022,-0.3789337666821171,0.5234697203176534,4.909604256436081,5.262646570200446,3.3060687317048796,-0.38386369682009397,2.1958749349035176,-2.0221986926725783,1.5733265469365463,-1.184944390055488,0.02269121604820011,0.6320717636644342,-0.01639777678205888,0.11904592872011972,0.13700141227617815,0.0652311918215361,0.06902896049796893,0.0,0.0,0.0,0.0,0.0,0.0
TCTGGGAGGGCTGTGCTGCTAGTGGGTACCTCAGTCACAC,0.0,0.0,0.0,0.0,0.0,0.0,0.07369271576465944,0.1122954284920087,-0.14827222500294357,-0.5778298574264008,0.1664922906476976,0.5169760121571535,-1.1090527347296435,-2.0647839495672233,0.042633610508727146,0.585688128306227,-2.671972144345332,-0.6129031686062538,1.2137130555019728,2.205436817698086,1.26888612767378,0.6194066449453162,-5.490387321420071,-3.4382324932633677,0.9955850328497473,0.43931908224758076,0.21355663868297534,0.0515738226700718,0.32285243628098914,0.31155808536605695,0.15738838356184168,0.06847362188870704,0.09178234231159768,0.06902896049796889,0.0,0.0,0.0,0.0,0.0,0.0
CAGGAACTGTGTGTGTTGCAGGGGGGCAGTAACTCCCCAA,0.0,0.0,0.0,0.0,0.0,0.0,-0.07369271576465944,0.1142460799679948,-0.30563542716373293,0.2972357242940551,-0.35669964091292344,0.5410115393968472,-0.016324279973882645,0.4742295593786588,0.19699923835133365,0.39185077093326,-0.318261431082586,0.5176992046728341,1.1230093752964656,2.277053286697412,0.4821362433388563,1.530827740152341,1.4615124859531323,-1.6168209469132997,1.0943605788909578,0.5945663311366439,0.8064476464463374,0.43062254725755805,0.25164634135259695,0.33076421356788405,0.19875660255957237,-0.07116819782732164,0.06523119182153612,0.0821950212785321,0.0,0.0,0.0,0.0,0.0,0.0
GGAGGGCTGAGAGAGGGACAAGTCGGAACCATTTTAAAGC,0.0,0.0,0.0,0.0,0.0,0.0,-0.07369271576465944,-0.2566731712601228,0.1557287307424246,0.14811376685088373,0.051243694102681085,-1.0578021085801943,-1.277041115057858,0.7753549065757002,2.019334749124346,-2.769651207270875,-0.7237458530222888,-2.7811309717100343,2.2594407825758673,2.9470722447187216,-0.4258551220845885,-0.22646353679760262,0.617753525858801,0.9747585736675861,-1.2185511944139504,-1.4799304191339682,-1.573604426395197,0.9847647489149511,0.18501029607332853,0.38575461158644037,0.23809417504531116,0.3020506145034404,0.06523119182153611,0.0821950212785321,0.0,0.0,0.0,0.0,0.0,0.0
ACAAAAACGTTTCCAAGACATGATGGGCCACGGATCTGAC,0.0,0.0,0.0,0.0,0.0,0.0,0.07369271576465944,0.1122954284920087,-0.006322130321380447,0.14862982442864545,0.23790290428955388,-0.5344395151981364,0.3927680422910457,-0.2812656305647904,0.8120508762694589,0.18366657171728912,1.2078445740156418,1.3998825530571746,-0.2511528468071721,-0.11943864187005071,-2.0293339185394945,2.2674421262932416,1.8624893515195349,-0.7184753506378014,0.6179752877310384,-0.5631939642839164,0.9046784303581045,-0.7325999874222001,0.41063507444656244,-0.9933004018175745,-0.5480616548673497,-0.22587193685181697,0.0854699024031706,0.08121744333471534,0.0,0.0,0.0,0.0,0.0,0.0
GTGCCACGCCCGCGGGGTGAAGTCGGAGCGCGGGGCCTGC,0.0,0.0,0.0,0.0,0.0,0.0,-0.07369271576465944,0.1122954284920087,-0.15572873074242458,0.29199092306394037,0.1316382184913061,0.4160184871650377,0.6690564162532228,0.3947391840883675,1.9531681472092357,-3.094441282315871,0.7467233808703473,2.8769158724414625,-2.9823601662142645,4.132491719938928,2.311009649802814,-1.1424029557171005,2.982686973278917,0.27170805393174285,-1.2164932100284593,0.21899857202879275,1.2283000338166044,-0.2767686912333941,0.4203054955340928,0.1199831487619991,0.11889997278163607,-0.22587193685181697,0.09178234231159776,-0.23244142511121646,0.0,0.0,0.0,0.0,0.0,0.0
CTTTTATATCTTATAGAAAACGAAGGAAAAAAAAGCTCAA,0.0,0.0,0.0,0.0,0.0,0.0,0.07369271576465944,-0.2566731712601228,0.14827222500294354,0.28464489529380455,0.15038460659089015,0.15729165112284127,0.39899675124072786,0.4814670808506025,-0.5131513647468032,-3.0965037268735887,-4.0284802351318385,-3.6358139352885286,1.7128262096351192,0.1473670652725866,-2.501460650202752,-1.6773295279735554,-1.9934489805831184,-0.5418876789379182,-1.3858104249560865,0.7721279419945686,-0.6642444965558463,-0.6849110802036598,-0.911170755820081,-1.0361632466281703,-0.4602763448583219,-0.46668318744406734,-0.24248343653630441,-0.23244142511121646,0.0,0.0,0.0,0.0,0.0,0.0
ACAGGAGTTCCTCTTACCGGATCCGGACACAATGACCTAT,0.0,0.0,0.0,0.0,0.0,0.0,0.07369271576465944,0.1122954284920087,0.15104107183940899,0.3204939560138991,-0.1973620797764747,0.3598211950062573,0.24482997822120248,0.4904349156959332,0.44653078022563664,0.8947256910154859,-1.909744682350437,-3.030635235424645,-3.9053021864667667,-7.103840190327115,0.9985953015373275,1.4626330703922275,-2.268754584649797,-3.7701958640393487,-3.432926336106514,-1.080630309522088,0.2852326015383383,0.5535003871202782,0.24822234234425902,-0.22902908581381654,-0.19524478055531758,0.06123936391119023,0.09178234231159776,-0.23244142511121646,0.0,0.0,0.0,0.0,0.0,0.0
CGCATGGCGCTCTTCCCTTTAAAGGGATGTCACACAGGAA,0.0,0.0,0.0,0.0,0.0,0.0,0.07369271576465944,0.1122954284920087,-0.14827222500294357,0.1720279239269215,-0.05458215596464068,0.1786568131930319,-0.5152450039225523,-0.4623768769656343,0.585588318078637,-0.41033982345856207,-0.015302906102434757,0.4448265957111957,-0.516528403334762,4.244349796207053,1.0982514304435331,-0.2837940482952842,-0.1359139727175812,-0.3888417706962727,0.062358345038102725,0.5974692945190855,0.12951791645506477,-0.044872168047936825,0.13765742003637493,-0.1459176707629261,-0.13033640957469741,0.3020506145034404,0.08546990240317065,0.06902896049796893,0.0,0.0,0.0,0.0,0.0,0.0
ATCGACGAGCGGGGACGGACTCTAGGCTGGCTTGATCACC,0.0,0.0,0.0,0.0,0.0,0.0,-0.07369271576465944,0.030131662800119335,-0.0011343754181007363,-0.2575154368845973,-0.16574105080256105,0.15484216391330005,-0.6050954819243747,-0.6441667941296909,0.2764474322389345,-0.3901547493480653,-0.04986347318207279,1.0185457217908565,0.42503042149586223,0.38601707877653557,-1.652131971656619,-0.7983008420847049,0.9221188350933287,0.23663809425077398,1.3441890946786734,-0.6750856473944361,0.9027418173807504,0.1314943967717187,-0.5625142616892588,-0.639896885562151,-0.03645352449604858,0.06123936391119029,0.08546990240317065,0.08121744333471534,0.0,0.0,0.0,0.0,0.0,0.0
TCAAGCGTGCCCGAAATCCGGGAGGGCGGGGCAGCTCGGC,0.0,0.0,0.0,0.0,0.0,0.0,-0.07369271576465944,0.030131662800119297,-0.30563542716373293,0.2884322939170062,0.15948265908611964,0.1714981002147017,-0.9973005295637959,-1.4325858425483382,0.5256187770709176,0.4792101134039054,0.010449364973349858,-0.42390026379381107,1.0783868316352963,-3.355000326345881,2.407836123056822,-0.10363477790396547,0.07667247035858617,0.5106020653571104,0.8602392304401547,-0.7430264219404136,-0.6762993413184124,0.5557478367651589,-0.20095508474411533,-0.018562807148895136,0.24261878530892356,0.2310446684532002,0.08546990240317065,0.06902896049796889,0.0,0.0,0.0,0.0,0.0,0.0
AGACCGGGTCAGTTGAAAAACGGAGGAAGTCCAATCATTT,0.0,0.0,0.0,0.0,0.0,0.0,-0.07369271576465944,-0.2566731712601228,0.14827222500294354,0.28843229391700603,0.28383661751724015,0.794325183007862,0.06662856011308607,-0.038572310629113135,1.7730099647818516,0.26506242437541533,1.5710031552162407,-2.988407166759467,0.3556583215161362,2.37660523322277,-2.9401715376362167,0.6938670572929441,1.0804944600083082,0.5492327943049333,0.5605483672803857,0.3188761668279034,0.21035703669317538,-0.466977502570753,0.2754475506735121,0.268431866272546,0.1573883835618418,0.06599546622593844,-0.24248343653630441,-0.23244142511121646,0.0,0.0,0.0,0.0,0.0,0.0
ATTTCACGACCATTCCTGATTAGAGGAATTATTCAGGTTC,0.0,0.0,0.0,0.0,0.0,0.0,0.07369271576465944,-0.2566731712601228,0.0016344714183646747,0.1720279239269215,0.2829247690047603,-0.3620554075385287,0.607346658500906,-0.061166324815742114,-0.11784981267459954,0.40843284460983154,-0.9480757452195117,3.7651374855104116,-0.8879571640117876,3.2205185686537914,0.59089580722501,-1.8215285240171122,2.0881120245377813,0.15359166124176532,0.3440714980974014,0.5844116678316054,0.7050068302971214,-0.8779212049699522,-1.4537804923623556,0.4805393680346735,-0.3208117120897688,-0.46668318744406734,0.08546990240317065,0.0821950212785321,0.0,0.0,0.0,0.0,0.0,0.0
AAATCTTACCATGGCATTTAATATGGAATTTCAAATTTGG,0.0,0.0,0.0,0.0,0.0,0.0,-0.07369271576465944,-0.2566731712601228,-0.0011343754181007085,0.3204939560138991,-0.784124394142459,-0.9128743516068818,-1.0580933801169103,-0.24078530663093145,0.067874708583647,1.4571255231260878,0.6447503031221302,-0.9270830492801402,-2.225578118210598,0.39875528118145454,2.977785389221941,-0.6288514300960647,-2.619759062652013,-1.481066730152858,-0.6160704398410014,-0.8590079901663993,0.9343509676915215,-0.5850999975470107,-0.44482550781499125,-0.6321056338005716,-0.42043672551039546,0.13224530996143,0.0652311918215361,0.06902896049796893,0.0,0.0,0.0,0.0,0.0,0.0
GGTTCCGCTCGTATTGAACGTACAGGACTTTGGTGTGTTT,0.0,0.0,0.0,0.0,0.0,0.0,0.07369271576465944,-0.2566731712601228,-0.0016344714183646712,0.1720279239269215,-0.21996536541467537,-1.090490967277994,-0.732994928332995,0.19646615809484463,-0.6985805244843425,-0.016738742681248003,1.70508804417762,-1.1676780683518229,0.3582893346890615,-4.2744720639613645,-2.637401138541714,1.0801516158696596,1.3845375135272884,-0.46093079180340324,0.4962820489073206,-0.6632683150871777,-1.1575706450930159,-1.426161904723022,-0.19802313053602563,-0.06983045085382017,0.39599615821862855,-0.030325736603063175,0.0854699024031706,0.0821950212785321,0.0,0.0,0.0,0.0,0.0,0.0
CGGCCCTACCGCACCGACTTTCAGGGGTGTAGTGGCTCCT,0.0,0.0,0.0,0.0,0.0,0.0,0.07369271576465944,-0.2566731712601228,0.15572873074242474,-0.2539568077376637,-0.19416265424473766,0.41594801483488203,0.3500849202330392,0.457313862279741,0.7302227764736815,0.7009189366405194,-1.2691398766892534,1.6735188134254761,0.29631970949475933,3.699856191657149,-0.7940320609700579,1.5190741029286499,-1.568148503460773,1.3021042720814782,-0.6625032991451132,0.34509857988445025,0.4673274768487702,-0.05118862738713173,0.259527672185183,0.4927280519539795,0.1500662994839505,0.13224530996143005,0.09178234231159776,0.0821950212785321,0.0,0.0,0.0,0.0,0.0,0.0
TTCTGTCAGCCCGGGTCATTTCCGGGCCCTTCCAGCGGCC,0.0,0.0,0.0,0.0,0.0,0.0,-0.07369271576465944,0.1142460799679948,-0.15572873074242463,-0.409908735373208,-0.2394814070160304,0.7271186131116508,-0.39394011960599795,0.012112184398717026,0.3564198680760702,1.775556809777465,-0.23221749101928338,0.9445126575380699,1.2746247471900711,3.2533628907089276,0.5135578483433194,0.6466455502131798,-1.2433444666131326,1.0291824637416316,0.4330520826250351,0.27885167381573256,0.31012416440529,0.37144938787525694,-0.4332017496092039,0.44475900469650115,-0.5914295085878777,-0.22587193685181692,0.09178234231159776,0.06902896049796893,0.0,0.0,0.0,0.0,0.0,0.0
GATGCTACACGGAATGGAACGTAAGGCTTCGTTAGACTTG,0.0,0.0,0.0,0.0,0.0,0.0,-0.07369271576465944,0.1122954284920087,-0.15572873074242474,0.16454202837835474,-0.08567162129646627,-0.11449613606837529,1.2898831466791683,-0.47655484983639285,1.488973071905991,-0.7606614801244255,0.3234875647430313,-0.051885448357194115,2.095850222107037,-0.42780261233397643,3.5160053542149745,-0.3790844700130139,2.322108648379528,1.4681728021204932,-0.5461159236642203,-0.9328072812898961,0.5875419061932984,0.31467834098679615,0.1362677744318829,0.19931044501472903,-0.34448214711984154,0.06123936391119029,0.06523119182153611,-0.23244142511121646,0.0,0.0,0.0,0.0,0.0,0.0
AGCCATAACCATAGAACCATTGTAGGTGATGTGTGTGTTT,0.0,0.0,0.0,0.0,0.0,0.0,0.07369271576465944,0.030131662800119335,0.0011343754181007294,0.28464489529380443,0.1621180138216673,-0.43457456351534984,0.3852789064701129,0.4375086387562365,0.08891996126147,0.592944934107944,0.049755899669957915,-0.12742158696317937,1.3128219544416864,2.089548278388618,-2.00551385606523,1.1863919820920044,-1.3323893236599906,0.8014171061020562,0.2402492517371117,0.03418450851698211,0.2414464181077061,0.016070809619948397,0.6568997624087493,-0.152896770414756,0.24690474759258801,-0.025569634288314984,0.06523119182153611,0.06902896049796889,0.0,0.0,0.0,0.0,0.0,0.0
CGCGCAATTCCGTTGCATGGTTTTGGTTTAAGCCGTTTCA,0.0,0.0,0.0,0.0,0.0,0.0,-0.07369271576465944,-0.2566731712601228,-0.30563542716373304,0.16454202837835458,0.21580100831417443,0.4563061956210255,-0.6175350523588662,-0.6595956418694395,0.7930761646104432,0.22527750945890573,-0.138487641141404,-2.6998772784845246,-2.5278787248401744,-5.777935216195856,-2.164651591126454,0.3900054774158832,0.36121842650758523,-2.495352605794935,-2.5977183949584837,-1.0613377145140466,-0.8054060810249487,0.33667933888586515,-0.08156240126312136,0.33422716197377905,0.3959961582186287,-0.030325736603063175,0.08546990240317065,0.06902896049796893,0.0,0.0,0.0,0.0,0.0,0.0
AGGTGAACCCGCAGTTATAACGCTGGAGTGATTCAGGTAT,0.0,0.0,0.0,0.0,0.0,0.0,0.07369271576465944,-0.2566731712601228,-0.15104107183940896,0.28464489529380455,-0.009702186458574492,-0.061342391023854616,0.4671625776656066,0.46067183442869136,0.12683953269336587,0.44646015444323217,0.025743374295552734,-0.9093839777289594,1.1622250052285175,1.7817494475113218,-3.6485807191083928,1.02804789106712,0.9793760254554951,-1.6446199133820985,1.1781223963315008,-0.8933679087770161,1.3715278882256292,0.052035540639047445,0.5553741452045945,0.23969528314259841,-0.20185139934160592,0.1902022072289419,-0.24248343653630441,0.0821950212785321,0.0,0.0,0.0,0.0,0.0,0.0
CCTTCACATCAATACATTGCTCTGGGGGCGTGGCTCCCGG,0.0,0.0,0.0,0.0,0.0,0.0,-0.07369271576465944,0.030131662800119335,-0.15104107183940896,-0.261302835507799,0.12739450490838494,0.1402939286580247,0.5585145429303351,-0.1382741950533998,0.6885010935746234,0.5494095683429047,-1.0317107944808868,0.3605632998802146,0.4966983785200505,-1.127495135167294,-3.1727475641319027,1.9842055152614,0.9111143172538702,2.6248541562786296,-1.719886809771222,0.4585045958887979,0.6282777005782512,-1.4421491739445214,-0.8329325971278418,0.1542820721300584,0.20692784834299668,0.30680671681818855,0.09178234231159776,0.06902896049796893,0.0,0.0,0.0,0.0,0.0,0.0
AACCTTAGACGTGTGGACATTACTGGACTTGTTTACTTTA,0.0,0.0,0.0,0.0,0.0,0.0,-0.07369271576465944,0.030131662800119297,0.30563542716373304,0.1720279239269215,-0.06371083097997485,-1.3150094750535575,-0.62339568391313,0.5553634715579743,0.722589565525968,-0.5761926599304554,1.5228650344599306,2.4946283087226813,-1.1211978817463433,4.547983561493737,-1.1630313825368752,-0.7171426100308206,1.9708041632268336,0.1956626497621999,-0.8596986919520683,0.6709393428127914,0.6749422203782952,0.5257510184403518,-0.448479837166805,0.1424685626721655,-0.11468494501033161,-0.0711681978273217,0.09178234231159776,0.06902896049796889,0.0,0.0,0.0,0.0,0.0,0.0
ACTACAATGCTGTCGTTTCATCTCGGATGTGATCGCACTC,0.0,0.0,0.0,0.0,0.0,0.0,0.07369271576465944,-0.2566731712601228,0.1482722250029436,-0.409908735373208,-0.3998990703020392,0.28021714255387936,0.3633502580248719,0.8996190755422033,0.8876236347912116,1.3168001457605465,-0.5154391475156512,-1.6621418989141803,-2.513680570070477,2.003950727991326,-3.217765069543251,-4.354468044608405,1.0723929969442183,2.8184198269533325,0.2884731007820502,-0.014113085597222018,0.431770427855509,0.13901968937208037,0.4394264475340476,-0.07175646767736339,0.22563696697822203,-0.14217414387756144,-0.24248343653630441,-0.23244142511121646,0.0,0.0,0.0,0.0,0.0,0.0
ATGGTTAAGCTTGTGGAAATAAAAGGCGCAGACGTGAAAA,0.0,0.0,0.0,0.0,0.0,0.0,-0.07369271576465944,-0.2566731712601228,0.006322130321380315,0.1720279239269215,-0.05458215596464058,0.1327557984543142,-0.49291103721541024,-0.430254575729968,1.2082114201799954,-0.5614731831641676,0.18434082410169808,-2.0939914979715715,1.0387243220740185,3.8614969226639495,0.20746642557615885,-0.1678394046915737,0.7286037900013131,-1.1634440767155019,-0.3713273104353018,1.0122883303951105,0.09943413035639576,-0.4404262915057101,0.2028426608229989,0.07104112898604312,-0.13033640957469764,-0.06330089028732373,0.09178234231159776,0.08121744333471534,0.0,0.0,0.0,0.0,0.0,0.0
GGGTCAGCACGGGGTCTTTCTTGTGGCTGGACGTTCCTCC,0.0,0.0,0.0,0.0,0.0,0.0,0.07369271576465944,0.030131662800119342,0.30563542716373304,0.3204939560138991,-0.5023282252638253,0.8716950820975706,-0.20003771640951484,-2.164867763525253,-1.1331761195677432,0.7731887484601676,2.5191923748807725,-2.8959612970275233,-2.512151911994716,-0.6123473452391922,-4.114627620017122,-0.5280291350086668,-0.5930358735134086,-1.1598034028963289,0.15289596428283572,-1.1900353100846255,1.016276747937756,0.08633272604595854,0.23152054450953696,0.09257022888731686,0.24666218204025706,-0.10133168265330332,0.09178234231159776,-0.23244142511121646,0.0,0.0,0.0,0.0,0.0,0.0
TATGCTAGGCTGAGACAATCATTTGGGTACCATGAAGACA,0.0,0.0,0.0,0.0,0.0,0.0,-0.07369271576465944,0.1122954284920087,0.0011343754181006738,0.3204939560138991,-0.0644839641748022,0.05603791926255977,0.39510291517847884,-0.0003226141634770337,-0.605833647128847,0.32825592501700945,-0.7499902933520903,-3.1925908895950883,-2.910029144910692,-0.7440357095500557,-2.0880847465901033,-3.445720768746505,1.2844730443424788,0.5947496990793217,0.5051695015394052,-0.4876889923581975,-0.05167310160614991,-0.6531569240204737,0.0244709187912431,0.17814517052745976,-0.34448214711984154,-0.2968778829020569,0.06523119182153611,0.0821950212785321,0.0,0.0,0.0,0.0,0.0,0.0
CCCTCTCTCCACCCGCAGTCTTTTGGGGGCGCTCGTTATG,0.0,0.0,0.0,0.0,0.0,0.0,0.07369271576465944,-0.2566731712601228,0.006322130321380433,0.17188805614848995,-0.0792217868306772,0.26951206674573547,0.25416420488749003,0.5160800939533309,0.49658294882791965,0.43031914999263815,-0.5203581316129489,1.490097716639214,0.2628927709524218,-1.3946869308320724,-0.3223086917755789,-2.2347119178835224,1.3796030301426063,-0.1511562758347222,0.8156549143068311,0.9284598444604467,-1.2758432809363023,1.1001896450538136,0.7688889325248549,0.08452552102673179,0.3560192589690361,-0.02556963428831501,0.08546990240317065,0.08121744333471534,0.0,0.0,0.0,0.0,0.0,0.0
CGGTGAAGCCCCCGATGTAGTATAGGAAATCAATACTACC,0.0,0.0,0.0,0.0,0.0,0.0,-0.07369271576465944,0.1122954284920087,0.0011343754181007294,0.1646818961567862,0.23663573556286616,0.28177020868693253,0.3560713206876935,-0.13081339663173064,-0.15840425652180684,1.7639802901324622,-0.2941807264069962,-2.072618085261016,-1.360209398483289,-3.7150734627467292,-3.5359896652926057,-3.1186434073565126,3.6209854465059856,0.7796299282443252,2.868761117489987,-1.9540372273444253,0.21834723041671095,-0.3780949758963983,0.7040962664227008,-0.49724157832005556,0.16634491204760218,0.06599546622593838,0.0652311918215361,0.06902896049796889,0.0,0.0,0.0,0.0,0.0,0.0
GCATAGACCCCTTCAAGTAACGTTGGGTCCTTAACCTTTT,0.0,0.0,0.0,0.0,0.0,0.0,0.07369271576465944,0.1142460799679948,-0.15104107183940896,0.29199092306394037,0.2819856713875346,0.13132250963640618,0.41016732107718995,-0.19030642535888054,0.22996957803477475,-0.34731378817952213,2.1857759628918885,0.9655035847799447,-0.13250371839584044,0.7847316584739598,-2.7747621511071774,1.4638530992827568,2.669386162837261,-1.7703916025621669,1.027137229199951,-0.3299224467717436,0.5515481696250236,-0.07224046748256818,-0.37316754024348536,0.2727184072763874,0.20683123872914955,0.2310446684532002,0.0652311918215361,-0.23244142511121646,0.0,0.0,0.0,0.0,0.0,0.0
ACTGGTGTACGACGAAAATTTAGTGGGACAGCAGGATTTC,0.0,0.0,0.0,0.0,0.0,0.0,0.07369271576465944,0.1142460799679948,0.30563542716373304,0.32063382379233074,-0.49387196982547665,0.4450404043789547,0.2944583964122404,-0.6500235028645552,1.5377061567721508,-1.7530128423293654,1.1791781122088931,0.25392954885464264,1.5852540865970035,3.6040068966327206,-0.1808386268645314,1.0882464582733775,-1.3242429176483497,1.8654646429280055,0.4768838315062126,-0.8703853035188398,0.18659329707958458,0.4805266295927808,0.41565393731404154,-0.636444805436851,0.16634491204760213,0.07322972420345518,-0.24248343653630441,0.0821950212785321,0.0,0.0,0.0,0.0,0.0,0.0
ACAAGTCGGCACGAAGATCACGAAGGGGGTCGGTTTCAGG,0.0,0.0,0.0,0.0,0.0,0.0,-0.07369271576465944,0.1142460799679948,0.15622882674268856,0.1360389954283958,-0.4382913730069945,-0.6849229306036961,-2.409014059215941,-1.705312111249827,-0.6233041092673925,-3.399912018840076,-1.9094608797366321,-0.13055873806478124,0.8368774979459603,-0.5313886822370857,-2.3962834558797974,-3.5586336045169173,-6.043969034682063,-0.11506056556388963,-1.9613151628702898,0.46349975702645496,0.4286511554039202,-0.7097200974607181,0.29733243960487876,-0.4248103623034181,-0.5792279815696645,0.13947956793894678,0.09178234231159776,0.0821950212785321,0.0,0.0,0.0,0.0,0.0,0.0
ATTAAACCACAAGTGACCAACTTCGGCTACATGGCGAACA,0.0,0.0,0.0,0.0,0.0,0.0,0.07369271576465944,0.1142460799679948,0.006322130321380449,0.17188805614848995,-0.0792217868306771,0.15869159501628988,0.04814527477113156,-0.07607995158154893,1.6318517986940682,-0.16287638291111278,2.5110272089896,-4.3855089506978135,0.8120070066561982,1.025193245540001,-3.5812026392348875,1.1124822900089124,-0.3098913049288845,-0.2694971268692508,0.16860772609829525,1.3279798494053783,-0.1979324206725242,0.37813184058710736,0.48143509461764555,-0.42481036230341823,-0.9718467209732363,0.23580077076794845,0.06523119182153611,0.08121744333471534,0.0,0.0,0.0,0.0,0.0,0.0
CGACGCCTACGACCCCTTTATTTAGGGGTGCATGCATGAC,0.0,0.0,0.0,0.0,0.0,0.0,0.07369271576465944,-0.2566731712601228,0.0016344714183646747,0.16810065752528858,0.05436833185399573,-0.36347375227927353,0.37191349352396735,0.19422231026209252,-0.0784032221434263,0.34714383725146963,0.12998507296003514,1.0459123333800437,-0.021196702220369533,3.3951931976569116,-2.572721491750754,0.3591760739976421,2.7846224905944195,0.6546637304173692,0.30768693300767297,-0.19061808899096744,0.12080733465433412,0.14723848867354553,0.5523441182747945,0.12145892841011416,-0.2734762010696006,-0.07116819782732164,-0.24248343653630441,0.0821950212785321,0.0,0.0,0.0,0.0,0.0,0.0
CCCCCGCATCGATCACTGAAACTGGGAGCAGAAAGGTACG,0.0,0.0,0.0,0.0,0.0,0.0,-0.07369271576465944,0.030131662800119335,0.15622882674268868,-0.2575154368845973,-0.15449900557797358,-0.6552152322623754,0.4664506059899482,0.3830816884948036,-2.6303818867455813,-3.3311376792822887,-3.9841234015853715,-0.683828903061504,1.7397052239610813,1.9127921453995163,0.10912337102946418,-3.545850735222155,-3.2025183350756863,-3.1063155715045685,0.7674854762357991,0.3721105383060369,0.5812679756417167,0.5233501137353127,-0.32778616733568855,0.01507884501326191,0.20692784834299674,-0.07116819782732164,0.09178234231159768,-0.23244142511121646,0.0,0.0,0.0,0.0,0.0,0.0
TATGAATGTCCAATAAATTGTGATGGCTACTATAGATCCC,0.0,0.0,0.0,0.0,0.0,0.0,0.07369271576465944,0.1142460799679948,-0.30563542716373304,0.2884322939170062,0.15948265908611953,0.38562514844616197,0.25118993563193404,0.8401803394416147,1.008395239139827,0.9853785328156055,-4.0590669671086275,-3.623765645000703,3.231390124834779,-2.2707374749818494,-0.6653817028696511,2.995968650651572,-0.7210617862990912,-1.3842722905626248,1.8491347509236087,-1.0223915715734724,0.12577398126721487,-0.23049128770833865,-0.10307110550709699,0.36052581641939824,-0.13099140922985067,-0.23310619482933378,-0.24248343653630441,0.06902896049796893,0.0,0.0,0.0,0.0,0.0,0.0
CTCGGGAAGCCGGAGCTCGGCACTGGTTGCGCAGCTGAAG,0.0,0.0,0.0,0.0,0.0,0.0,-0.07369271576465944,0.1142460799679948,0.15104107183940899,0.32063382379233074,-0.17652735252778287,0.48514601334681373,-0.48514903269524934,0.5593183402603545,0.5022580349176708,1.631194542194464,0.843713353883816,-1.1960099465443303,-2.52596082880117,-5.510713748513765,-2.7864138910391967,0.7395794626950791,1.1167217016009987,0.7747453042758599,-1.7651725556079443,-0.9881873412089562,0.31512794522797233,0.5560443252408686,0.3690923648801363,-0.7172846531573002,-0.4914426715606376,0.2310446684532002,0.08546990240317065,-0.23244142511121646,0.0,0.0,0.0,0.0,0.0,0.0
ATCGACCCTCTTACTAGTATGGGTGGGGGGTGGCAGGGCC,0.0,0.0,0.0,0.0,0.0,0.0,-0.07369271576465944,0.030131662800119342,-0.14827222500294354,0.2919909230639404,0.39402905974051566,-0.20163676142638498,0.27729136852879815,0.06109906215315041,0.03885808463960905,0.5864311968115189,-1.181803055918542,-2.330011364959179,0.9159208673437262,4.017588728064687,3.042997525783229,0.9563588275270811,-2.117482882063541,-3.098997803813404,1.359308951596822,-0.19493355127059686,0.6688012225797083,0.4937470711534643,-0.43148543295394454,0.4518965944613411,0.2776912288409054,-0.23310619482933373,0.09178234231159776,0.0821950212785321,0.0,0.0,0.0,0.0,0.0,0.0
GATTCGTATCTAAAGAAAAGAAGCGGTACTAAAAGACTTA,0.0,0.0,0.0,0.0,0.0,0.0,-0.07369271576465944,0.11229542849200873,0.15104107183940899,0.1646818961567862,0.058876860904876656,-0.6363376232946246,-0.8336000157942868,1.0253377456117045,2.2527958686621563,-0.7257577977764333,2.910578266609275,-1.7077440086937175,-5.7407170604908755,-10.406302781082012,0.017556281564152735,-5.048447262628312,-2.581869239674249,0.3153715354153684,1.440390806011422,-0.7317002344457637,0.3151129692519591,-0.6553874429044709,0.5674766187192427,0.1895160731731076,-0.5914295085878777,-0.23310619482933378,-0.24248343653630441,-0.23244142511121646,0.0,0.0,0.0,0.0,0.0,0.0
ACTTCGTACCCGTAACGCCTTCTCGGGTGAATACTTGCAG,0.0,0.0,0.0,0.0,0.0,0.0,0.07369271576465944,0.030131662800119335,-0.1482722250029435,-0.25395680773766344,0.42493399737898824,-0.2537721598932495,0.29242447540748273,-0.2282155189301674,-0.08833258134811461,0.1904759888180168,0.6100013487968047,0.30570762696424,-2.42046729133634,0.7891256945181462,-0.41494268844172255,-3.697454410477287,-1.4006906458274364,-0.7742765805473277,1.380935190993163,-0.5389949163890441,0.28213726448855814,0.10864284407138634,-0.5267629537032871,-0.10920434002008064,0.23873350180916425,-0.030325736603063175,0.08546990240317065,-0.23244142511121646,0.0,0.0,0.0,0.0,0.0,0.0
AAGAAATCGCATGGCATAAATATGGGTCATCATCTCATCT,0.0,0.0,0.0,0.0,0.0,0.0,-0.07369271576465944,0.1142460799679948,-0.15572873074242463,0.1720279239269215,0.2140739920570042,-0.4619570780169796,-0.25202118540571405,-0.07125124871402333,1.1308137404911378,-2.0918405215068763,-1.0037900569053684,2.9819130320067244,-1.6983692317062713,2.514695582072876,-0.2291652299914917,-1.4312745401229385,-1.8438494703839412,1.5358134847594627,-0.4975957896874504,-0.9032573857906226,0.10867335907196335,0.4595951196410527,0.3851173889941343,0.24607256999559743,0.22839432961208106,-0.07116819782732164,0.06523119182153611,0.0821950212785321,0.0,0.0,0.0,0.0,0.0,0.0
CGCATCATGCTCGGCCCTATTATGGGTTTTTCCAGGTTGG,0.0,0.0,0.0,0.0,0.0,0.0,-0.07369271576465944,-0.2566731712601228,-0.15572873074242463,0.32063382379233074,-0.3284887603754429,0.670352685047317,-0.28246767806332046,-0.06190039620172446,0.6343343614018216,-0.09159553188651343,-0.11888461341471927,-2.3998197403198125,-4.676013691186215,1.3738669591777408,-4.4924619105223105,-4.38776971331787,-2.557635658498838,0.4033590769599978,-0.2581176792543083,0.07476515053685864,-0.21019973702351794,1.0410469649507716,0.2752925026568928,-0.35926912721680865,0.45543416908773154,-0.22587193685181692,0.08546990240317065,-0.23244142511121646,0.0,0.0,0.0,0.0,0.0,0.0
GCTAGACTACTGTTGAGATATTCGGGCGGTAACCGCCCCA,0.0,0.0,0.0,0.0,0.0,0.0,0.07369271576465944,0.1122954284920087,0.1510410718394089,0.1681006575252887,0.4922125929430206,0.019467143045088484,-0.009330486247738879,1.1115340059311472,0.6188639922145491,0.34837402504917275,0.20370889927811411,1.074396335795352,-0.25174876583857925,1.803180178517185,0.8129028275389677,-1.7482349338397967,1.5576239804213237,-0.6332747251085583,1.408080713978551,0.029482345634812203,0.13913320551847244,0.6128949138205696,-0.6365748266528722,0.4368399541952621,-0.11897090729399608,-0.09657558033855505,0.09178234231159776,0.08121744333471534,0.0,0.0,0.0,0.0,0.0,0.0
TCGACGCTACATTTCCCTAGTTAGGGTTTATTATGGTTTC,0.0,0.0,0.0,0.0,0.0,0.0,0.07369271576465944,0.030131662800119297,0.1510410718394089,0.3204939560138991,-0.3574830045489901,-0.8178761753472032,-1.1761194169132798,0.5842576045836767,0.5828785405570647,0.004152558193174357,0.03992567038398326,-0.07731908315747822,3.3896415800428175,-3.1480949761653343,-2.9467246556481594,1.7190916815189854,1.9084599557107556,1.0730213971484484,1.0475505606506021,-0.08463552433111923,-1.1448793767021888,0.4366828412739319,0.13456168609360386,0.2886160353959196,0.3048141588118868,0.144235670253695,0.0652311918215361,0.06902896049796889,0.0,0.0,0.0,0.0,0.0,0.0
TTTCGTTCTCTAATGTCTGATTCTGGATCTGGTGTTTCTG,0.0,0.0,0.0,0.0,0.0,0.0,-0.07369271576465944,-0.2566731712601228,-0.30563542716373304,0.1681006575252887,0.3522802665248476,-0.3982677388996027,0.10968648388593755,1.0849165572786523,1.142904083655382,-2.18132250282842,-5.47709093538515,-5.694826167220442,-2.868423023579366,2.714660738397855,-2.4759499890921055,-0.737282344273533,-4.367712690097703,-3.5481318196652416,-2.3959386374935394,1.7055001600087927,0.2396946529514678,-0.3639682010657039,-1.5004921988389237,-1.0600997902201612,-0.5480616548673498,0.09863710671468848,-0.24248343653630441,-0.23244142511121646,0.0,0.0,0.0,0.0,0.0,0.0
GACCAAAAGCGTGCTTCTGATCTGGGATCTCTTACACCCT,0.0,0.0,0.0,0.0,0.0,0.0,0.07369271576465944,0.030131662800119335,-0.15572873074242463,-0.2575154368845973,-0.16574105080256116,0.15787754214399918,0.3804224339753429,0.4899252306313031,-0.32855489501817803,1.1189959576285293,0.1890653138000726,0.07402459320662981,1.9063064447851903,2.368652299728325,-3.4209267081759043,3.19237063372389,4.228675012254126,1.323062182716233,-1.7395409394304686,1.1845874488402297,0.6342978248314118,-0.2469362520775082,-1.6756673854909538,-1.1700346707378089,0.23444753952549932,0.23580077076794845,-0.24248343653630441,0.08219502127853208,0.0,0.0,0.0,0.0,0.0,0.0
TTTATTTCTCTTACGTCTAATATAGGATTCTCACTGTACA,0.0,0.0,0.0,0.0,0.0,0.0,-0.07369271576465944,0.1142460799679948,-0.0016344714183646712,0.32063382379233074,-0.3284887603754429,-0.6037791494020123,-0.9257531132082405,0.3776727276386662,0.6041636904119065,0.2775593337200653,-0.2006515331906583,-0.8973823582540187,-2.1288792722667584,4.23695632836536,-5.7120811876560245,-3.790138613944376,2.3907180439507516,2.0039243527717288,0.15715394641513422,0.7987257744728842,0.8444287207064868,-0.0012066597423984879,0.7842392724060648,0.18998895971310192,-0.04377560857393952,-0.23310619482933362,0.0652311918215361,0.0821950212785321,0.0,0.0,0.0,0.0,0.0,0.0
CTCGCGCAACGGCGGTTTCTAAAGGGTCTTTCTCGAAAGA,0.0,0.0,0.0,0.0,0.0,0.0,0.07369271576465944,-0.2566731712601228,-0.15622882674268876,0.1646818961567862,0.008987032194678725,-0.016776583995322333,0.15415642422761344,0.6567084577796728,0.45711259096131673,0.6781700317244371,-0.24669594107324236,-1.9714021504767092,-1.9118436120599742,3.2548274767022702,1.4450445773078062,0.6525854373554559,1.066869374820779,-0.15225444645739195,1.4273889162686573,-0.4111051761676504,-0.3168460845881085,-2.1749629432368534,-1.5172397518350675,-0.6318885717894588,-0.03645352449604858,0.06847362188870704,-0.24248343653630441,-0.23244142511121646,0.0,0.0,0.0,0.0,0.0,0.0
AGGCCTATACGGTTGTAATATCTAGGATCCGGTGTAACCC,0.0,0.0,0.0,0.0,0.0,0.0,0.07369271576465944,-0.2566731712601228,0.0016344714183646747,-0.2575154368845973,-0.16574105080256105,0.21194077825678717,0.690777026648295,-0.3691598638553482,0.5154241156951714,1.1123947447273588,1.5231481338063038,-2.745877393546302,1.5345902236058269,2.8595839713724756,0.7560685858893894,-1.063680975479563,2.28910085061524,0.23610972252568674,0.8919456566284669,0.19451897534425655,-0.5275465780165981,-1.8310502034908975,0.29999729283972676,0.09329121037627426,0.1576594723207109,0.06847362188870698,0.06523119182153611,0.0821950212785321,0.0,0.0,0.0,0.0,0.0,0.0
AGTCATACCCTAACGATCACACGGGGGTAGGTGCAACCGA,0.0,0.0,0.0,0.0,0.0,0.0,0.07369271576465944,0.030131662800119342,0.1482722250029436,-0.2539568077376635,0.2958768903726594,-0.3366489254949469,0.6025326426634828,0.656399765461923,0.09544617628252774,1.080035888593247,-0.6478694371172172,1.3090787173942253,2.482680759414152,1.504993567606908,2.985266917204454,2.4037898298890377,1.1970548468490187,-0.08330164839840111,0.8846070151313711,0.49829575882011173,-0.4870370848137307,0.6732892708488046,0.20989316265500832,-0.28145720351983017,0.3191845489757359,-0.30411214087957417,0.06523119182153611,0.0821950212785321,0.0,0.0,0.0,0.0,0.0,0.0
AGAAAGAAACCAGACCCTTTATGGGGAAAACTATGCTAGA,0.0,0.0,0.0,0.0,0.0,0.0,-0.07369271576465944,0.11229542849200873,-0.15622882674268876,0.17188805614848993,0.0919467256567778,-0.7991741682291442,0.3972936387395572,-0.03856353160251738,0.1770787377367638,-0.6282925537837466,-0.1069625724884003,1.6653185921945006,-1.9994653802647404,5.4986319130738535,1.1487810292292817,-0.18460933836583,0.6339184192137709,-0.005302193851532052,-0.34768355024577186,0.782251102493312,-0.4688086323716636,-0.13936742626431142,0.1463429086219316,0.06481342737922982,-0.1301904536362137,-0.025569634288314984,0.0652311918215361,-0.23244142511121646,0.0,0.0,0.0,0.0,0.0,0.0
AGAACTCACCCTCTGCGTTATTGTGGGTTCCTTATCGCTA,0.0,0.0,0.0,0.0,0.0,0.0,0.07369271576465944,0.11229542849200873,0.006322130321380433,0.17188805614848993,0.26209004175606837,-0.5042173473813913,0.28681278570049923,1.2482720576151622,0.8524577486550867,0.4883936084217607,-2.0480530262887595,-4.109775244979054,-0.8742587043193302,3.0790190759126754,-4.22326428935323,-1.304021241518795,-1.5444703488654559,-2.016909363176247,1.6366086939994084,0.3795112534533972,0.6667012565846737,0.017761686725736983,0.99539617667126,0.264090809953927,-0.12285619079375593,0.3020506145034404,-0.24248343653630441,0.06902896049796893,0.0,0.0,0.0,0.0,0.0,0.0
CTACTAACCCCAGCTGCGTATAGAGGAGTTGTTATAATTC,0.0,0.0,0.0,0.0,0.0,0.0,-0.07369271576465944,0.030131662800119342,0.0011343754181007294,0.1720279239269215,0.2829247690047603,-0.7988311202040302,-0.724344639248699,0.05135226388383821,-0.5406082345856783,0.04196551061448378,0.2160885196023536,2.155821498488344,2.076761191001561,4.5362547447750865,-1.0015370461175728,1.7040345141717654,1.7330017594322826,0.2892189811595705,-1.0778316652082758,1.4773658052152372,0.013578694484337775,-0.171987651134195,0.8469808338480326,-0.20785179154122788,-0.115942455901268,0.30680671681818855,0.08546990240317065,0.06902896049796893,0.0,0.0,0.0,0.0,0.0,0.0
GATTGGGGGCTGTGCATAATTATGGGTATTGTATGGCCAC,0.0,0.0,0.0,0.0,0.0,0.0,0.07369271576465944,0.1122954284920087,-0.15572873074242463,0.32063382379233074,-0.7750230741245449,-0.5928941460446323,0.9783005891655939,0.5008362431858158,1.1386649740928843,-2.8589106258161667,-2.157631199007897,3.1073957227056437,-4.376617943137149,0.408807777744177,1.0453066760246423,-3.482138787540212,-5.686058842248062,0.4164771713800204,0.678126565726973,-0.4505098888460857,1.3042566457445406,-1.465964787880971,-1.7605445636839387,0.40436025378231455,0.23139923896670633,-0.39567724139382676,-0.24248343653630441,0.06902896049796889,0.0,0.0,0.0,0.0,0.0,0.0
TGCGCATCTCACTCGACTAACGGTGGAAGTGTAGGGGCCG,0.0,0.0,0.0,0.0,0.0,0.0,0.07369271576465944,0.030131662800119342,-0.15572873074242463,0.28843229391700603,0.28383661751724015,-0.37381738325079683,0.6759443749655945,0.24744145697082787,1.7002236745790216,-0.22148172678454175,1.6637213584605466,-1.653294435402046,1.0777408360850937,2.1602578483737553,-2.275965631860185,0.38590237936226107,1.439477545272211,-1.4831255766614788,0.9252418822336705,0.7599210123286539,1.4495567046250384,-0.39182411357226343,0.48244978873392663,-0.45389827556724044,0.2312532830282224,0.30680671681818855,0.0652311918215361,0.08121744333471534,0.0,0.0,0.0,0.0,0.0,0.0
TACTTAGCCCAACGAATCGGTCCTGGTGGGTTGATTATAT,0.0,0.0,0.0,0.0,0.0,0.0,-0.07369271576465944,-0.2566731712601228,0.006322130321380433,-0.25395680773766355,0.23458028682637241,0.36435957488193843,0.04978983791249792,-0.3043192749755671,1.0212686506091024,-0.11978588798770444,1.1429193118220504,2.8744931822894904,-3.008226367672257,-5.7684830371385045,1.0946884840369246,0.8530772309283761,0.47125588492223514,0.3703637128857346,-1.3881809901098823,-1.9032110358274423,0.8355690346234421,-0.9597444164780731,-0.6001849014068645,0.3623535854475214,0.1204163936668749,-0.2968778829020569,0.06523119182153611,0.08219502127853208,0.0,0.0,0.0,0.0,0.0,0.0
