,SHAP Zero: on_target,Model: on_target,Linear: on_target,Pairwise: on_target
0,0.004281655577805243,0.054024143886053366,0.3826706659803225,0.358958828456489
1,0.0896229310961465,0.5301576910985946,0.5969458807719284,0.7229330654712093
2,0.4025657646015638,0.14852477961054378,0.6552914316870925,0.6221278057745233
3,0.05825136247808782,0.07188183535566817,0.5044548983086132,0.3462549819205175
4,0.0445292557730268,0.10271849189199522,0.5276378449254708,0.515952194194875
5,0.27092318542050264,0.8944509450636903,0.6207795192740573,0.8187239657419513
6,0.02630722931566254,0.05775539009854913,0.643073276349853,0.5676625676829286
7,0.2337145854910735,0.08098354335004987,0.635346045587687,0.6351830569988204
8,0.07363396505513309,0.5877571724224666,0.6255574583930411,0.5213331717602633
9,0.15267023585091366,0.8764619500228937,0.6607007981819792,0.7863445473808163
10,0.11914594345474072,0.6348288884301962,0.5985764895521093,0.5840105246229301
11,0.08608165284169444,0.0498523767240765,0.5410939396988875,0.2592163562472979
12,0.21233189564343002,0.2147195269109421,0.7187950171224723,0.7861984865039326
13,0.23391004129018844,0.7603923049953407,0.684847723602112,0.7015310105455282
14,0.15193963001650956,0.8598915042492469,0.5921800836642344,0.7116148050184883
15,0.037517232293907576,0.04006191958760552,0.5827726284119729,0.3768304675652874
16,0.04821368785275959,0.07309134077467871,0.5175230356695627,0.44739488450190795
17,0.21044164941779397,0.44849754026356314,0.6828964312792881,0.6699010225474542
18,0.41912457548354576,0.07054697612537453,0.6841820964583127,0.5687405918666
19,0.3387667540631658,0.8981737258313758,0.6778744311155079,0.8380727891146937
20,0.43394489490411337,0.8963565970452266,0.6222677843709254,0.7719173813700847
21,0.19502087441532834,0.9251070507312269,0.5744447368593308,0.7345852604742288
22,0.06827827615784521,0.11809961200928354,0.6090986865034571,0.7400294095110016
23,0.07290729829093279,0.8640501872531811,0.5226146700957255,0.6267395903635379
24,0.07725789568197705,0.04488288783458205,0.657586996657886,0.5251392175165326
25,0.23812577006062152,0.9362781343909783,0.48766184519881417,0.5731257037282989
26,0.11713499299999475,0.11751424712408742,0.6281405838007104,0.7145604178287801
27,0.12219852539024201,0.06279945426274325,0.6603595764092614,0.7639256313024482
28,0.1972991240405737,0.6259385566296467,0.5640972110283582,0.33655988255778413
29,0.09013557749147239,0.7492009822013975,0.6601576284935977,0.4762988407380185
30,0.14006387416698474,0.8186927602589136,0.6793649689221288,0.5588105916705308
31,0.26575751649325774,0.795425825764331,0.7231996770834479,0.5145616747083207
32,0.06725525586174741,0.28802220671873924,0.6021068272679542,0.4043396855887527
33,0.11510020110926678,0.11375964993475329,0.6721431131479998,0.29613440328465757
34,0.892169076698751,0.9477878062421484,0.7401422723536702,0.9909977541400992
35,0.0789278478981078,0.0533734827024821,0.7095228806754905,0.6278443209199971
36,0.5803286474023858,0.9419388320489701,0.6978862460501161,0.9053471710917136
37,0.13986052967663842,0.9276616981001347,0.774349842298563,0.6723362360493838
38,0.574126418754018,0.8319135406037932,0.757241123106985,0.6289798621536741
39,0.08018483781581998,0.5798099437357568,0.6280141165526928,0.6473260799445024
40,0.5243535727759094,0.9288602147244485,0.6590655277676997,1.0562380770950799
41,0.3052407546581858,0.6041368515684158,0.769059520765553,0.5373170663973517
42,0.769645765896918,0.8984935256819915,0.8604609296883945,0.7973141046116672
43,0.41226980247684886,0.9464764412301667,0.7866934170210462,0.738179404879249
44,0.18758316890685767,0.8154088246825815,0.6918999978942848,0.8573469068060939
45,0.05830611939648145,0.8776509504888212,0.6485262466492263,0.45324331938248913
46,0.6869527803140001,0.9419816094296186,0.786324750734454,0.9890043476221205
47,0.07042880438301258,0.3539396663152824,0.7080511402363522,0.7626547181588161
48,0.31888792835178736,0.5162301988323423,0.7893683163284112,0.5590525716395716
49,0.382351008703127,0.9224419570330452,0.71896074461406,0.5030034088323972
50,0.39892072259827005,0.9354799580760186,0.7617600459788543,1.0919257144727212
51,0.6581845501567951,0.9400572262997127,0.8559057264477195,0.6745083479496997
52,0.7828324843911296,0.9217137559538545,0.810235642185879,0.6555098089676074
53,0.050088269786958906,0.8753556854557387,0.6137048738948724,0.5770942307559355
54,0.17363007800883457,0.9155176455245326,0.6934576531247102,0.6151235065962265
55,0.4653355622551043,0.9232134840404584,0.835354742260031,0.7281395352050749
56,0.19064256351150854,0.84227529453278,0.659522508137286,0.6914351564897376
57,0.8440029419631001,0.9274958327488951,0.8302490408243118,0.6234004784280264
58,0.21592847317541675,0.554428269465405,0.6881578586851441,0.645895196529972
59,0.7557478938648445,0.8355909997590152,0.8419721188724145,1.0248579258435992
60,0.35020133384761076,0.9227692289854049,0.8666755103639856,0.9166335231580364
61,0.5816984942730303,0.9086973853858038,0.8377603058237774,0.8630203018355602
62,0.5679693215781074,0.931820083350551,0.8229609649094691,0.8030640492625196
63,0.8279491013529875,0.8726283368264776,0.8764732881197203,0.6708168335295197
64,0.4253243690992127,0.8535729461495165,0.5990732273110017,0.7959425300639349
65,0.6893069190267184,0.9384929692844007,0.8654270932003212,0.8907440338529837
66,0.9174831393053611,0.948912842611373,0.8833375486175865,0.7532743959442184
67,0.11055840561063046,0.3849185513468788,0.758959577067308,0.7117890703076386
68,0.30992183605271273,0.434179259433195,0.7533997232557708,0.7296100528015186
69,0.13909376930625095,0.9275386480258766,0.6677305138543327,0.4891332509180318
70,0.9026981463627091,0.9342537774038812,0.8543415748751072,0.8834300740010164
71,0.9188835014378272,0.9512024819528591,0.944587475159254,0.6480399824678029
72,0.5047759966220547,0.8712527186385809,0.8326153524169797,0.7795226943369115
73,0.8933383791979314,0.9223227569540555,0.8687717197928907,0.7397456562282664
74,0.6157750803841591,0.9205857130084533,0.8573838168434029,0.7563822413977782
75,0.3433319251082515,0.6498620661963468,0.7253687307228195,0.7098548527407613
76,0.3346855356294123,0.9093536233645407,0.6581186506751178,0.5733034474979967
77,0.8856703385792492,0.9508179653154214,0.9834169032746198,0.7367557566428679
78,0.12992705517593472,0.7677733975192513,0.6709628834167172,0.5444437485484507
79,0.4818243638863605,0.8778885204033484,0.8395609685831747,0.6244889917281924
80,0.8277222637447464,0.9471334587236827,0.9016721339008589,0.6264616803928913
81,0.8206618458048469,0.9475292878221948,0.8076893256440049,0.8486460753905457
82,0.4130741761340515,0.9435534154922389,0.7313818428148733,0.7660447903883403
83,0.522463436674169,0.9248449163586557,0.691025873455998,0.8415424440255355
84,0.3823334537338019,0.8393529520807839,0.6280670410432728,0.6382060396523439
85,0.8530423317102984,0.8677413982934762,0.8018670801485731,0.9962684935051829
86,0.8614966992851332,0.9467232037793457,0.8631238629546147,0.8470414386494696
87,0.21770346265696305,0.25770621261580196,0.6135835252576933,0.6208983416086201
88,0.620266026941209,0.9447660495900585,0.6349664639354052,0.7976819967883142
89,0.45009167963510277,0.8285420805033099,0.850750537491239,0.7897311526740302
90,0.9620876740557069,0.9495009687477034,1.004700093932228,1.0174880000461661
91,0.8391002195133306,0.9466683814988458,0.8330299851076576,0.8419484058847436
92,0.2150306441693508,0.52194043615469,0.6405160932851837,0.38751488545116436
93,0.5094358263750014,0.9131480153578178,0.7764255364018711,0.8379584220572122
94,0.7298232317867711,0.9480763629481486,1.0144011900377978,0.5545033186455999
95,0.6231310861446944,0.9498602609421476,0.8339750237485202,0.8201181250773233
96,0.784208085678554,0.9482904619423104,0.8664601478072367,0.8443365037986041
97,0.9177099391603726,0.9487817978396001,0.9196747245576582,1.1833491972196946
98,0.9607306814613144,0.9480046676770738,0.8444662875690941,1.16555927446433
99,0.13573145240373063,0.0529203934980057,0.5459684012502886,0.2642047176314041
100,0.2634298438616438,0.5460523349500302,0.5881944803585933,0.5970489404155951
101,0.015738906566492683,0.04347543436309287,0.44401160789172245,0.41230845150189593
102,0.07468053576732647,0.19728010321817313,0.6648085246145723,0.6284123700906403
103,0.029517996797903456,0.9161781259607319,0.6373826560002924,0.7280532352586667
104,0.05160072561243334,0.17354505285214794,0.6922854401857659,0.568954053223253
105,0.19755248983778573,0.04742366954113342,0.5708680669189949,0.40752443486836654
106,0.037125583199264844,0.9160439755071748,0.45935824582967716,0.5469320528306272
107,0.3254916598665796,0.8355625102433222,0.6401021587966329,0.8315744701400056
108,0.06793711572152483,0.2674101450990243,0.6904485962781745,0.6659684440991976
109,0.07195232710597899,0.03989019239164382,0.6041284996801002,0.5384323858625755
110,0.08905674763941918,0.6113635805319114,0.5300936535634628,0.5605142097160156
111,0.4750433219200423,0.9158233675157864,0.7546388457122502,0.7770169503739666
112,0.0757806491166354,0.11115935899548379,0.6186613202003166,0.35937015394991867
113,0.023326076174202237,0.04195219176459697,0.6508288419047462,0.5716809361000393
114,0.5290995905461671,0.926935870613199,0.5971024096212977,0.8379968565665477
115,0.6512622776061573,0.9161389239201916,0.7040091214396322,0.7722949135524635
116,0.1383483184566423,0.9458219221429957,0.6013152556663769,0.646114816797318
117,0.47187971011357777,0.094172319552842,0.752598329402893,0.8354219889840298
118,0.1474501640294097,0.5682942165761418,0.7125625883773161,0.6806054219056049
119,0.36127735103486036,0.6293572113872459,0.7691914265457187,0.6637770621902622
120,0.13739361244176496,0.26149409374877386,0.7289676312928057,0.5739228898812033
121,0.6386945956251683,0.9313134988839216,0.7760755147459804,0.9281111770876589
122,0.5590642141266371,0.8776419803633025,0.7997293689280314,0.829408086454756
123,0.44012500102125074,0.9485285810087054,0.7280323512965835,0.5786548652040181
124,0.08565417640514761,0.058294933695617335,0.5583880155073513,0.7042453041024558
125,0.30922388209157314,0.23281746272637505,0.6845930383642664,0.6331011359460947
126,0.24143262484850414,0.6597573112151547,0.617940648884766,0.689024159033563
127,0.5281635097088357,0.930666005890764,0.7041929862592062,0.923493619403615
128,0.06893805904737693,0.06160001482134403,0.6427128291056081,0.6255221492410367
129,0.5241703014911558,0.7954450033724597,0.7606574001940615,0.6697942833973716
130,0.5868428325719375,0.8670818840318542,0.710119428012844,0.7446590600787124
131,0.6245258648974765,0.9476442033016739,0.8001143101999861,0.8489568631327681
132,0.16229853493423407,0.07819241773067875,0.6904585531682825,0.3207826999814372
133,0.8043958714350885,0.9330969904504105,0.8213196061156982,0.7573325112542442
134,0.8924649399211899,0.9481753579633947,0.876104071035724,0.9115401879747145
135,0.5511561919186458,0.8817453918226885,0.7434740575761,0.5811530433218247
136,0.34252863814386525,0.6095467096552054,0.8150837807271475,0.6460162300262916
137,0.28000867531835627,0.7565566115162337,0.7078401779353528,0.6016765301427671
138,0.5229555850655825,0.942547266263793,0.739784235531488,0.7182513312502478
139,0.7615131240061815,0.8401280795777615,0.7288203762539891,0.8519843550083357
140,0.9015202173037526,0.9489961205852988,0.8359757273617089,0.860639595605222
141,0.44614943742160584,0.8639795335509499,0.7522474128384073,0.6825342774191012
142,0.7592296157170504,0.9387080499639081,0.8672758843036072,0.8866819134768035
143,0.7569609214567325,0.7801081250600588,0.7572426148890973,0.6317392514054176
144,0.5471612851143774,0.9405331831034216,0.8212489813361309,0.3338617636401268
145,0.7835353833294154,0.9441789667483113,0.9245687025863101,0.988039020825034
146,0.8240573626821368,0.9465059425147823,0.7239867158572897,0.6921380478210231
147,0.3601452396996495,0.681330411035769,0.7749242676013606,0.8382637829724295
148,0.5580235783440614,0.9349501530165977,0.8137796696986341,0.9276292994736297
149,0.32744400529534434,0.8362611046357901,0.6726215281835034,0.8007309003971023
150,0.28615454502899595,0.764939455346785,0.6084999452486558,0.2921363610040949
151,0.8925817743313464,0.9467603638696219,0.8543481754655821,0.8535384425393233
152,0.23538039380923081,0.93650749956068,0.7200126088133724,0.9200638087647169
153,0.2961602312521494,0.8446133807759071,0.6099145001736023,0.7558957324369994
154,0.513724445815936,0.9163315522438908,0.7813340327202861,0.8872238925338517
155,0.5079070575830684,0.9257575372831665,0.7924766107985532,0.623888126292337
156,0.2898245735776802,0.923510901804703,0.7394030507836338,0.8803265774578611
157,0.4872538754685698,0.8352984855616146,0.7483921933885653,0.6871390100300686
158,0.44247637616547597,0.9342214741365726,0.641333198875638,0.9026051292370448
159,0.2999881659235102,0.9447166759070494,0.8033751052474736,0.9220211206187984
160,0.626493903211834,0.9319383305155098,0.6999460907393718,0.44120730338189085
161,0.6044615408801497,0.947833803826971,0.6389134910060317,0.8793097466199412
162,0.6401276092431272,0.9430478529483926,0.8620114654513287,0.799842943260597
163,0.752211872360632,0.9485601891767708,0.7129318173033447,0.7516724631354366
164,0.5435208680208736,0.9373963457662542,0.7688750451064464,0.8128953242570388
165,0.277988919509245,0.1646562294348718,0.7546804308153712,0.7895559435475886
166,0.3519163629440929,0.9359218155167727,0.7882608584236972,0.5079371752333957
167,0.452115274911973,0.9341244272429006,0.7254116826016637,0.6109873979651654
168,0.8178840546564229,0.932167188074638,0.8236229948338502,0.834622849242945
169,0.7269228959322498,0.9400863587939613,0.7875870917633412,0.9026897158459335
170,0.9375265406280295,0.946745564345826,0.9457056355191132,0.9427083001545091
171,0.6034771030138035,0.9492299518959008,0.7931118791028492,1.0620223989228013
172,0.5941199294393993,0.8951576773635435,0.8154783398820116,0.814212461658721
173,0.36593135128944165,0.9458375659178467,0.7026322020171124,0.8167843241641192
174,0.9435892535566285,0.947723693192596,0.9384689265798603,0.6289936173805937
175,0.1713200358199739,0.6757026768863124,0.7400802558887791,0.6016895973752355
176,0.8426334545934938,0.9283139615046394,0.8824355880162349,1.0369608094840952
177,0.4706070879875687,0.946406384340285,0.7217567997522882,0.9296949291307277
178,0.5937239294776607,0.9481757386203005,0.7918772983821709,0.944653889649976
179,0.8353436093699613,0.9422572663335219,0.8528625998018522,1.0063098635609211
180,0.7716728469654031,0.9375534392336066,0.8780809400262066,0.948492932400213
181,0.8355871626211203,0.944461625242738,0.9162566249325297,0.5245077943546531
182,0.18744906118849658,0.9480616217664409,0.7201270702102276,0.6270903434647173
183,0.7903064092777408,0.9407500432051769,0.8141624616331643,0.7950198116245798
184,0.920204739907315,0.9490128282769754,0.918583343803424,0.953288121409698
185,0.6789797303490079,0.9453413282769714,0.7752297845184271,0.7953192696111467
186,0.2953880425171045,0.9350232782835126,0.7612142837819962,0.6003902742379129
187,0.8793503861365475,0.9460922963339754,0.8378998544050298,0.8238356319429234
188,0.7998256689476122,0.9470919220063312,0.8066343328141679,1.0894385136780498
189,0.6968422770581921,0.9408939143231044,0.817414103382267,0.7977226868351569
190,0.9498706181145766,0.9494762969608744,0.8162024822107962,0.9274189478481772
191,0.8120452438389792,0.9459823794161915,0.952098511784559,0.9481764075417376
192,0.7716259622836795,0.9483676305663302,0.8432545151515994,0.8082410475395699
193,0.6730180169667449,0.9310773584051097,0.7110185529383791,0.7685500610724275
194,0.04671515624332101,0.038980620623493056,0.5466561265860922,0.3495431294307846
195,0.019347555662234894,0.04917306602733329,0.6233086674250475,0.2895253664243523
196,0.18008885933108687,0.05702485106336119,0.5857055865919125,0.39462238737288474
197,0.14796545360786917,0.04740000288479507,0.5815854379115318,0.5945406843962415
198,0.09392691400571962,0.5304813770397154,0.5960966737319899,0.5642943839017491
199,0.19545340730743443,0.08177600824098741,0.6682127297553906,0.5563978749113687
200,0.17369583100375308,0.6307546776540216,0.6169094788148448,0.6662518238079611
201,0.07029155413360455,0.039286069457330375,0.6154451131265811,0.678375565881649
202,0.0835160851485095,0.07371332799730401,0.5765156683079078,0.5306587908247784
203,0.19623982041899135,0.054686099838257785,0.5071152120124239,0.5103218998204593
204,0.33652276843387985,0.11710436651297573,0.6087701703478638,0.7867482603583525
205,0.077400208600241,0.26886537613033534,0.6328042469604576,0.6408164029699187
206,0.23138902818994922,0.8167872187643745,0.7171942081641168,0.5756377767679193
207,0.41288946529698944,0.5611410849657521,0.6826774398225954,0.93045446456967
208,0.16396603758837058,0.06219960550515091,0.6211095615581284,0.6919464047613624
209,0.6782280707793902,0.8767101419248869,0.6160233446608792,0.6660032108874477
210,0.23105737268196613,0.9295751093272393,0.5748681382094398,0.5947253686156645
211,0.22560214674332935,0.9445567400716511,0.6020765298420865,0.7686831996703243
212,0.721527495848481,0.9252173127986218,0.7161268147947116,0.7034016240898687
213,0.2196500765660221,0.8217544343358812,0.6978128390485456,0.44966691296493966
214,0.4897516184608022,0.44635556955823796,0.6347737046437024,0.5352352892047059
215,0.11661910734971792,0.9299601895894253,0.6419950696143887,0.7817645157988411
216,0.6276601840584082,0.9332860323610862,0.7122597628183397,0.7762870252530849
217,0.5192402858470946,0.6987789104051538,0.6823783277853684,0.8976640770431017
218,0.251423901969011,0.07099168108734955,0.6341589865960688,0.45424401644855517
219,0.3100446020724579,0.7604829800291164,0.7021699384634226,0.5045584948460289
220,0.704949384987891,0.8406051702800688,0.8412509324803146,0.8683281615809499
221,0.23563893136550929,0.35731990939039715,0.7369059718554842,0.5840137067667088
222,0.14439657249858362,0.8901531384885479,0.6592392796691846,0.6437199713426317
223,0.6096606474291368,0.877097458010746,0.7061583341497508,0.8109950188095426
224,0.5635074871963803,0.657835634492842,0.7324860192058876,0.4690977102334015
225,0.3624890884421845,0.8973983686190112,0.7969202026966082,0.5789008897498926
226,0.2682621579456308,0.9060743438456922,0.6742570673372946,0.6171498703208605
227,0.7293746988900889,0.9433758229142568,0.8251569779563638,0.5693582289319525
228,0.33275027286551073,0.8824851947342931,0.6411517415687832,0.5731176994710907
229,0.0829501501932105,0.07529968348579685,0.6385075753122677,0.38144866933109167
230,0.9088902596616721,0.9438785793885358,0.8293776378529845,0.8263719901171672
231,0.47162943612118335,0.48631984925606,0.6982297016777221,0.5187982734700648
232,0.2781194943489457,0.17637544063985122,0.8257840185159854,0.6215433980951873
233,0.492389997103166,0.14782823507162146,0.6764236886994293,0.7645484400472043
234,0.40947473401150647,0.9176823327271549,0.720913379981256,0.8289638694759015
235,0.5536750517314504,0.8268381988958451,0.8247123876403826,0.3930616147163501
236,0.5206169267316156,0.9263447132876633,0.7343445939664109,0.9993759460401841
237,0.3263916411383567,0.880287884395496,0.7527207611293353,0.6565197001887083
238,0.7260232545617109,0.9489389385657517,0.7263053875488323,0.7918817849664894
239,0.6425382633600586,0.9266232713123987,0.7558709717039669,0.9424315353965227
240,0.1606945158221199,0.41738438059662275,0.7629911024272015,0.4823174398425443
241,0.32315396537404484,0.916676273282092,0.6730302720864713,0.5071912723550083
242,0.8697236381427698,0.9482686721359245,0.9316509399011322,0.9781655513445433
243,0.4551009852298702,0.9382770616612947,0.834743155011968,0.749291040194287
244,0.47248676729504535,0.939972426230326,0.7362874123377505,0.7864118122326159
245,0.3021464477268394,0.291117490588805,0.776837923872384,0.8470502446501679
246,0.2319358332603757,0.45029654706849176,0.7648966155717558,0.6622561823087848
247,0.5619228630984078,0.9385558286847449,0.7968370848728129,0.748083239310293
248,0.8113494466606597,0.9430212497868127,0.7137569054642142,0.7093188490331197
249,0.49348638997695493,0.3419788129180438,0.7455838218823388,0.3711244706936284
250,0.4815773449889976,0.8052840792221421,0.8301000904619039,0.7067703317816842
251,0.7196967898824544,0.95041236334699,0.7805346246175691,0.9051213551595116
252,0.7369674235404955,0.9459530523523694,0.7184312552928962,0.7813510445836507
253,0.3025416969692373,0.7759745600897947,0.6666617641507664,0.6927054536250966
254,0.45584069116987014,0.5650772969832711,0.9124823942512751,0.6143425311832418
255,0.23801725622771863,0.20386047364736226,0.7297132581845496,0.6060946297245079
256,0.9579934598834655,0.9478153983201162,1.0005305838374485,0.7457766125662626
257,0.6631861698805765,0.9333121351907158,0.7295593540742256,0.8162116957130459
258,0.8124989445996615,0.948918023299492,0.7559302037906229,0.8698097393504265
259,0.6987048134773155,0.946843788932589,0.7356457850323419,0.8053706554584545
260,0.8189873207837874,0.9505039002896684,0.8737926101975351,1.020435335908052
261,0.8911439282818157,0.9494345628563748,0.8767308099848992,0.5585050061078897
262,0.8294574049138932,0.9444712873756568,0.7523065112913915,0.9381621383252339
263,0.8527251426941322,0.9355507964750388,0.8912171028264589,0.7716252752151507
264,0.33800546889724814,0.9363046716848783,0.7755708057339241,0.6027843780807897
265,0.7231895085227094,0.9430421182118963,0.8638982420214635,1.0785271599012194
266,0.69636825242691,0.9236459977508701,0.8575602159836013,0.6363731870137341
267,0.9153713241158481,0.9505475706616676,0.879731190267153,0.793690669323614
268,0.7034740244524416,0.9394612328678706,0.7959077912972092,0.7985105524707561
269,0.3220927317269978,0.9424323256427446,0.8457675433031199,0.8526761251046449
270,0.6503018135654306,0.9461671692256748,0.8251100712667485,0.7988096581620584
271,0.7946156459313278,0.9442739878524612,0.9036912709988949,0.9247565731374494
272,0.46485458198139384,0.9229008944193806,0.8342643333613976,0.895128013604833
273,0.7533074180213426,0.948225224415465,0.8756697804619192,0.9912913953090219
274,0.7790864007608926,0.9507456633463177,0.7774167086167543,0.9893434148591532
275,0.8375101955055253,0.9349013328044743,0.8020812176558961,0.7946754618375468
276,0.6106827167879652,0.9501175506972335,0.6728961492253762,0.7829227705196736
277,0.7815522837835663,0.9462692858609276,0.828179176270913,0.884063831140594
278,0.9159118890294029,0.9469280905678519,0.8478491015016886,0.9825970010235674
279,0.6498732065118222,0.9489646614199866,0.8633206036583367,0.9913280113506858
280,0.7794887006750489,0.9472043632854946,0.966649911568283,0.8980570775075805
281,0.8600010854616275,0.9498046255019655,0.8534291081581846,1.2358301275176982
282,0.6539121617714185,0.9488675101162778,0.8300097371750172,0.8059799964472388
283,0.22325048487717336,0.04418969875540335,0.5816764089197913,0.40710184606936606
284,0.01595593442511789,0.03858918242261611,0.521262867954774,0.37083614741457605
285,0.01628635869652073,0.040735448753028036,0.4432758244450812,0.2130050337492121
286,0.04843278200046819,0.04202779853699867,0.5877250000635419,0.3288982769779339
287,0.01025215782585931,0.039282469277387766,0.614693272254164,0.34926444393378986
288,0.04673611488251195,0.8987567783804669,0.43897102333747784,0.5251475868732329
289,0.15019105180286285,0.9119139745483651,0.7394738023396483,0.6208291199588233
290,0.411778670597053,0.9423456461871565,0.6293467902685675,0.8061833670150171
291,0.033292925867436485,0.5957157931969195,0.5340655552315589,0.6015366928123946
292,0.38016698500966495,0.9246899461679398,0.7583931840545144,0.8646351854277261
293,0.7641827658625353,0.9413223168206177,0.8838917664505144,0.7676055805843256
294,0.03777358157082911,0.07019965939121531,0.6124771870718869,0.4943865085766603
295,0.17936609487437982,0.5831150311455578,0.5982184279679823,0.5842883266498131
296,0.2016454090377462,0.34939287161579435,0.7224292637568506,0.7632577136941383
297,0.47462743713643707,0.31379833101396304,0.6181933685187384,0.5605815331836453
298,0.1734002131108776,0.8892737378902476,0.7083868062052726,0.4133367421303166
299,0.32524865990771057,0.32824723064108763,0.7132008095207291,0.8267859130212913
300,0.29767344279068453,0.9204116483847252,0.7251009186434998,0.8028514001703075
301,0.475131934853543,0.24263507867637435,0.651864300449999,0.5961090905810386
302,0.14781200684161644,0.07485821701275375,0.5750348490158457,0.6538981145056147
303,0.7183390489484831,0.9461905932464887,0.896770586823209,0.6832053017547
304,0.5029159544500765,0.8810466962117586,0.7452162217973972,0.518782931932726
305,0.1269521009268616,0.8037211225479128,0.6812469820293572,0.6438122205319711
306,0.10738789845995123,0.09377991243160566,0.6491454453074768,0.7569895438574279
307,0.29357281217596276,0.7064636563533362,0.7347876395109899,0.6564873885911544
308,0.6564207802617634,0.9362794701675703,0.9475580947193883,0.8221016787242742
309,0.2277410917161916,0.2990776043553386,0.6398271435764886,0.6055120705147073
310,0.46940366289289526,0.8976738246875742,0.7744640112530886,0.98954264670621
311,0.23912884577308224,0.9188717693979215,0.7345410195689016,0.7061280257102139
312,0.4958903605318663,0.8586119373837564,0.7449914159726782,0.7578063310734403
313,0.4263392683375046,0.13846750104512484,0.5462149138043388,0.5321949798264554
314,0.12509817530327938,0.4370265150889816,0.7633066430364764,0.6721973672268173
315,0.15143030618316689,0.0425810901289605,0.714021118820878,0.6527451366950265
316,0.04540071030023385,0.0393778468218573,0.612861482562815,0.32951055097967974
317,0.5070768324931348,0.935851325038086,0.9051241134362815,0.6194260403404965
318,0.030887548041538926,0.060610541536817775,0.5469391366085274,0.41597179015090835
319,0.08148386250091044,0.044416267894485384,0.5986950600790754,0.4810289879157243
320,0.7773175339873871,0.8847580859134831,0.7519160925596,0.7441199012633017
321,0.3384607148563078,0.9248311630037361,0.8087335017773931,0.8426530510991515
322,0.37990769625375354,0.9263785289376463,0.677958436108278,0.9122057522048628
323,0.7539237936626931,0.9370206280672287,0.7344736423587856,0.7821948526551741
324,0.2319952803452926,0.9004841418123866,0.5679159307267319,0.5205075655864779
325,0.181309161719997,0.23702704638290117,0.6149601640280131,0.36467197391685136
326,0.6324099967128332,0.9450369865965143,0.7664089256640072,0.7685373197247903
327,0.37083241340522066,0.6429165858144948,0.7388607546881075,0.534527803629963
328,0.8292349825364451,0.9456023802837595,0.6816313404866977,0.9663293450442514
329,0.22025209304795546,0.945191842518887,0.6463195240971238,0.6548841871493256
330,0.8383732636333793,0.9483292587062075,0.9724039113465152,0.7244015061420733
331,0.5874982500087356,0.9389694469525359,0.7457313586531535,1.0047446916149094
332,0.2504524239649747,0.24075839071993,0.7156651458964518,0.5515959409399016
333,0.4554158088071304,0.9089147828120295,0.7443707005001511,0.812314151807937
334,0.7641356904430165,0.9457972237619071,0.8494478458041917,1.0094157791341405
335,0.6626045866639556,0.9446958015235682,0.7934203249686307,1.059412308824537
336,0.7177716068408379,0.9439172402081724,0.761985789214451,0.7767334013383251
337,0.6942934000763472,0.9390875436184107,0.7979514562516279,0.8348698507527404
338,0.3003777171249947,0.9328749827401028,0.657734735455346,0.4597298737768639
339,0.9018451918660486,0.9460315481740118,0.9168315460449288,0.732940566625868
340,0.32864193971853184,0.9321564997739854,0.7747078103900152,0.5193711175932225
341,0.5604537236215327,0.947663393250232,0.7394523743294392,0.7719576376201538
342,0.9131466189435761,0.9470292912343927,0.885075997862295,1.0051128679775603
343,0.6574147458489576,0.941690945660509,0.9348593452952223,0.6994767172826765
344,0.292954331265846,0.8664272224308994,0.8144086538611126,0.8647945985449097
345,0.8844236880681965,0.9497468957752483,1.0093366849565708,0.6860933424925748
346,0.8815038307390712,0.9450039307552135,0.8626207936244679,0.8788424201897713
347,0.7243115614432866,0.9364284571541628,0.742918493374928,0.844460332394124
348,0.7605081085753406,0.9423556153225229,0.7628627572702645,0.7238212392488524
349,0.848502564180349,0.9458641700883096,0.8288098570303528,0.8108606902931789
350,0.8355027485920197,0.9387587387261935,0.7711314944032391,0.7135706362258823
351,0.8915359519016408,0.9474197114031617,0.855594240865744,0.7799928530655712
352,0.7292742128556133,0.9452133944243084,0.7183909826028164,0.656476017510662
353,0.8694055252671857,0.9453915355995423,0.946328229104592,0.48180680759718375
354,0.8677455354361112,0.9302188230982559,0.912004848968373,0.9872001172608484
355,0.6954352212285583,0.9427107597460272,0.7537268931472443,0.7059250648704509
356,0.9697585603386252,0.9512206011016574,0.7878210596052717,0.9499288585623441
357,0.4477576681940433,0.9469379903760162,0.6463122136041559,0.9472289723951981
358,0.5202737570694822,0.9436101963529023,0.8284395197093054,0.9019432556309763
359,0.9196505834547294,0.9455574213717342,0.9432455190494186,0.8050947784862461
360,0.873792965007441,0.9462899360909274,0.7770550747766773,0.7493889570105422
361,0.7855558662064629,0.9464396260889434,0.7920384004235457,0.7876283878599849
362,0.8623759266472584,0.9472326837055656,0.8245527745708211,0.759841409389852
363,0.6532019041277659,0.944695423528668,0.5468442144908361,0.5196660346999279
364,0.8378142018736636,0.9407654780621802,0.7320965671157837,0.7794592053830847
365,0.7333083013743993,0.9482580799183414,0.7965161454426641,0.7881008060742876
366,0.8550707140648941,0.947631365576504,0.7810718258759517,0.9718563018995103
367,0.44456150132116756,0.9404927876861783,0.576547434178245,0.4795512197481342
368,0.6610610883098658,0.9487162582450454,0.8367385974385328,1.0110323892848916
369,0.6286184519171463,0.9466797243596606,0.8319395525866351,0.9952615616943637
370,0.9493438492458581,0.9441767812414023,0.838657963382631,0.9012020125013285
371,0.43332201277187365,0.9442287707157413,0.7204500550945871,0.8103264283187899
372,0.821810444267121,0.9467767589269643,0.9560967685849956,0.9894491269831868
373,0.020361923303961693,0.04958711919460801,0.614535915158876,0.6237669546601543
374,0.05678111881212822,0.04811122695348935,0.5496334668811804,0.46431955694394994
375,0.2062016544544758,0.08195643742776748,0.519854933165029,0.5965698942789665
376,0.24441405787326886,0.6828032163937199,0.6373443058740005,0.8108927410825394
377,0.014266412081467617,0.041627243981901096,0.5447119353297185,0.45235218968223795
378,0.08181940884806105,0.27178414038428733,0.5672038066784744,0.41572263623649075
379,0.14400788906212247,0.7749784121871514,0.6782928206522216,0.69772787157403
380,0.043351259331645076,0.13801681804883437,0.5679262976531338,0.5254361542285394
381,0.38839471900971645,0.8432919020110966,0.5764640182824532,0.4243222875057614
382,0.38800944757056033,0.12008897206212421,0.6941278752750003,0.5438067308753172
383,0.13674964016053903,0.6787224732458432,0.501205088238786,0.4685977570337456
384,0.3708098569677485,0.07277540252928316,0.7293912735746473,0.46623324236366315
385,0.046817507939798886,0.04799318157725385,0.6712375016255497,0.4681865534439358
386,0.04950258206237712,0.08436520863182229,0.5967203006388315,0.6493734256987533
387,0.4040674093672084,0.9201981812377291,0.618383559486707,0.5764883038652822
388,0.7427789575712711,0.2257881986191198,0.7175371917805928,0.5830578042282549
389,0.17175665095565051,0.8143662418932297,0.5540717416838947,0.6745288602618887
390,0.19381598127865063,0.042704809824680945,0.721980887769603,0.5306915308698931
391,0.4747545186304466,0.8745045021745148,0.5145855746875232,0.46574161514113743
392,0.193497678757373,0.8717218406699028,0.7404039538656837,0.7299199945915187
393,0.12515551610212416,0.20200425083788298,0.567735666942752,0.36277214856491224
394,0.23706507731248794,0.9165645392544165,0.5978118223446829,0.7237601796329381
395,0.10834854873072286,0.13023385981313562,0.7751133429863171,0.7133072515091011
396,0.23413633665936262,0.9172480501923661,0.6807559806222765,0.7431423835050909
397,0.19093109804886788,0.9110827204424726,0.6508284066896737,0.6500782361258616
398,0.23069156803196034,0.8402345324599063,0.7937105871167505,0.9470857787334213
399,0.09346757175232012,0.9347303283338335,0.5419681401757818,0.8750345203760411
400,0.33406234316631844,0.13651993318456923,0.6833987444038484,0.6076083962080061
401,0.25610920571138474,0.2883416432890067,0.79121814836169,0.9470954707510498
402,0.22506770031077106,0.781929743766,0.68034284222347,0.6025768502538553
403,0.2548860038033516,0.8858003837563115,0.6454031391748865,0.7325305508359783
404,0.09026283607452423,0.09073546223722329,0.5632851221014756,0.5953535869611425
405,0.4088434440659402,0.9039287175063321,0.6951002238280097,0.747640859827136
406,0.34018226151292796,0.8383423326212369,0.755997733109076,0.8998951060802267
407,0.23224204694517792,0.10039846630332416,0.6434963409651255,0.6466058728670672
408,0.1002161577404902,0.0957439147184137,0.6528137897201551,0.5220044615821295
409,0.3259338486459956,0.3991231376870302,0.698988644988218,0.41203866350946605
410,0.8534360442222891,0.9286583487903615,0.7837018397599179,0.7536101997791628
411,0.7911859436721156,0.9367297964289103,0.6012814841541612,0.9030100423700329
412,0.18627417109023103,0.1225396479030414,0.5741085228566932,0.6559043406966355
413,0.3066171419918602,0.8634869730213177,0.7360318785783732,0.6128530086777823
414,0.3810435992300546,0.9487326398828178,0.611275167133718,1.1158524933683653
415,0.3583088756429339,0.900326566850673,0.7406992682132161,0.9422794712424957
416,0.6375400470806409,0.7230536502320208,0.8077266489394375,0.7430246230211319
417,0.20263045954988634,0.7864386548730415,0.57687623404338,0.6262434106748368
418,0.5535055616844489,0.9428313545754574,0.7704312380188383,0.8439189946598089
419,0.06276537766125567,0.05966502827020281,0.6829451838208231,0.5378945738910488
420,0.3835745200917603,0.7735125886344059,0.663184378330798,0.5034429457231977
421,0.854470824034672,0.9403606529371478,0.8436709587930222,0.8118953186221853
422,0.30179280013797694,0.9339534939950891,0.5080803430575223,0.5392539825622468
423,0.6125624443259677,0.8914681718460944,0.8048336545337028,0.5744055758583864
424,0.17495568047449706,0.04678530538025272,0.6251844264245168,0.6524387578669906
425,0.3392845599899298,0.9126231343110376,0.8243900708907127,0.6732740379254952
426,0.5506200314268161,0.9470383342362544,0.573619147809266,0.8402398195282501
427,0.418256556654548,0.45931250962600023,0.8056874835889972,0.7209792967787036
428,0.4719755071357974,0.9435055215678855,0.7436768204164251,0.8104467285691501
429,0.1344603179781998,0.6663983000034148,0.5858268717824164,0.8515112274772663
430,0.7325677837545554,0.9164173825266433,0.9195401454651563,0.862682934437798
431,0.3754481171497873,0.7725616262908733,0.7177874437444627,0.6563594053985945
432,0.33148461521833616,0.9109615482994667,0.6603033036973842,0.6794776819969872
433,0.49549472455276455,0.944071735565516,0.7501114454177003,1.2083586162651831
434,0.17058020995871015,0.8825129686681956,0.7592103024987332,0.9399879654179106
435,0.3104257097871722,0.8237895425414011,0.7490065473978492,0.6604622060379478
436,0.8336134378316469,0.9465020435371472,0.8350607175216389,0.7470566677494875
437,0.23315027992048354,0.9354105885935127,0.6823326867435375,0.7800889685005354
438,0.7086028349234391,0.9416997914320762,0.7651602318482932,0.866926794077167
439,0.9409486440512668,0.9520587241549461,0.8771488591623375,0.9284740764650361
440,0.49084369896957714,0.9198594763488019,0.7538827785098703,0.9296655256432343
441,0.48502622769152604,0.07182210665141708,0.7427023420057521,0.6602176533265995
442,0.9697362124935857,0.9473796745750956,0.9719795909973716,0.9618369014309471
443,0.8090654457419839,0.9431881575147492,0.8502807961819356,0.6623416145894009
444,0.7521784416262096,0.9336414547356353,0.8790947623105351,0.7531262945190675
445,0.8745050793560015,0.9403025763555908,0.5827076830899209,0.8151609879320654
446,0.3271003973641141,0.9509860815551694,0.5692483864609555,0.7437920547653765
447,0.787262339972524,0.9477820688253366,0.6446671720556466,0.6585304331289885
448,0.9296276207728246,0.9512554127271011,0.5646597503423114,0.8080426621768848
449,0.9442768374223447,0.9472134374802914,0.9251295646884337,0.7662850085820931
450,0.8741722824895353,0.9454189659521661,0.7793265647792091,0.771321607295
451,0.8376220165057212,0.9411740068683386,0.8748740102704738,0.6999121709917305
452,0.2251814130448151,0.9422245255761231,0.7174805512941417,0.7646245519045348
453,0.9094045722223139,0.9482468387919681,0.8468360522632178,0.529674616899636
454,0.9106453091573441,0.9534504470739802,0.6766513433629463,0.9734965552434331
455,0.5250866533523393,0.9401928535919435,0.7122173157462393,0.8410278283064534
456,0.7355969898658073,0.9468337851491175,0.8281474696522313,0.8838777069677322
457,0.9129756710061175,0.9490199167749079,0.7346287406039105,0.9284198639369353
458,0.9132602798762729,0.9481336384458152,0.6908343809752463,0.7821844628640724
459,0.6885909095559788,0.947916716935977,0.5973203303944009,0.9049469331138286
460,0.7894132390123545,0.9517433247262356,0.5963767112530594,0.9229222942695985
461,0.36285878910188696,0.9445742100731122,0.6593622235073644,0.4980655252744993
462,0.9343013366198518,0.9494012145217678,0.8958481164075636,0.9347597116000873
463,0.9725560801573924,0.9506086025322531,0.949555578920217,1.0759525919497765
464,0.7194356615229658,0.948749357761448,0.6610835528990224,0.9480537331830324
465,0.27298625392099085,0.9490595229727787,0.697037600424538,0.9327780345072265
466,0.8815670964845345,0.944053669874782,0.8496215542032303,0.944764200495566
467,0.8465066457598897,0.9526554620386533,0.7430519494942489,0.9417048092495961
468,0.8631638025893491,0.950550418893478,0.7977314470295696,0.9648786488615375
469,0.8707236434760521,0.9457111200110037,0.8040895763501134,0.7500777977892641
470,0.9642160466987728,0.950816318317199,1.0068083304434001,0.8896362079403897
471,0.8615437976534803,0.9490928601390766,0.8553028849836345,0.8159676963232227
472,0.6411175148036443,0.9457294502824714,0.724896953201324,0.6110832573407329
473,0.8159113446145976,0.9502901074027,0.8415492301296672,0.9150437902875385
474,0.9913667807542733,0.9499141531126927,0.7705234071474485,1.3111657621100399
475,0.7992173368828469,0.9481935692020539,0.812230269455468,1.088518904941731
476,0.8355388914165345,0.9466419149434665,0.8654837648544009,0.8819622256538409
477,0.01079624177357641,0.039186093455076176,0.47159936805361585,0.18371492570478876
478,0.03753222171361448,0.07624038094189556,0.6136578736602584,0.6910117320578131
479,0.07166528099253677,0.0786442393230441,0.6225779527969444,0.7877124267397351
480,0.01597576769659037,0.051550126980506095,0.5378572380281943,0.42888067922426365
481,0.07365116198438693,0.053123272125831345,0.4720695882671837,0.3830310274673716
482,0.08366602772242981,0.04492130090485369,0.5558292647704597,0.3852813984296267
483,0.0501057622515344,0.7164430159662141,0.5476886252236652,0.3247064165274598
484,0.059170975888597765,0.6321610390300465,0.6259031488056945,0.669230334154734
485,0.03239524270902494,0.05769384647341136,0.5683015588863176,0.2940186417843523
486,0.09425855921374282,0.07126015598820912,0.7023021812922815,0.7597706924207704
487,0.1021791548704496,0.10603379164115956,0.5973410023475461,0.6076755447257924
488,0.10741076184745268,0.9337189960793029,0.4922550326242753,0.47433287296532095
489,0.18677542430553884,0.058655851478847,0.6529356155984977,0.6256640988494071
490,0.36224055817598255,0.34758270120455426,0.7404673209468029,0.4928853689372913
491,0.31971208555638087,0.9246483239956399,0.6860008327902055,0.9298518927674185
492,0.2701358205489738,0.8336528626246169,0.7109553676432255,0.9271378292677216
493,0.49010944737723194,0.9133395823795103,0.7159045125242183,0.7337204132931979
494,0.2803477731230637,0.7103241109811216,0.7082547077354358,0.5271548449338501
495,0.1529650932559079,0.5157614899466709,0.6730687022494137,0.7081957609635686
496,0.06594818997984919,0.7917444944728242,0.5449148549045154,0.6843628116090866
497,0.7004937261612041,0.9446181756356047,0.7635859038931013,0.9635257630113382
498,0.6631402601335569,0.9516597188432074,0.6630353140339265,0.962656271565026
499,0.05659241072611232,0.09148004070003846,0.6400134051915332,0.5502654522931204
500,0.4007626020891929,0.6779750462995913,0.6430821986257529,0.6080556261838327
501,0.21734438117139654,0.059621720150354274,0.6610740015585136,0.6005203595029418
502,0.09798641206686376,0.03904191693736059,0.514615671053326,0.7062918626875593
503,0.3471831548291513,0.7600280533888031,0.6903566603711595,0.8372588932151874
504,0.10909376900314671,0.05551425203585314,0.64345162881421,0.45001313943885457
505,0.2186046559157171,0.8870281007427497,0.6662054689144824,0.6303982936756448
506,0.15832961566623482,0.9288675690816618,0.6407741748665636,0.5207056244990578
507,0.7403483437027409,0.9393411923483596,0.667121573761147,0.9210643877006311
508,0.06565444564131084,0.07553432026017437,0.7736017418355349,0.3896880367532469
509,0.31507826090560953,0.9177564233942326,0.7518862917334833,0.5985455294780049
510,0.04420835745849483,0.04617921232178124,0.664116221667725,0.594653311450197
511,0.294120798710071,0.8673080258368477,0.8463679322994072,0.8781810464840875
512,0.2799900134834651,0.3575611794990553,0.6462984796091377,0.6716671487460503
513,0.2502148667177352,0.9257758345431957,0.7149143883345244,0.8636027360428802
514,0.6545558277471126,0.3540398819584002,0.7975603586777082,0.4647969113960065
515,0.06059581409549253,0.11080585567828716,0.7136558916162182,0.44032620853231114
516,0.7913694788750165,0.9468770451279919,0.8387348706450359,1.1739757000945439
517,0.26800282545887655,0.5067435445363788,0.666273652771915,0.5058177953996299
518,0.10472567067601257,0.6301644789687872,0.6469164413667418,0.7536239142659414
519,0.4383800137221424,0.26001632991975143,0.7268909577107282,0.36345180277503697
520,0.39334177478425403,0.8813308551843169,0.6825548873075654,0.8948606067784419
521,0.41624362073337773,0.8722690144697718,0.7501045019074007,0.8203626835486706
522,0.7662115014942236,0.9249363327105644,0.8398935904053229,0.8236541265061859
523,0.7608507598695199,0.9387805521568812,0.7949581294956407,1.0340899518011226
524,0.25694656048421816,0.42830244214773583,0.8122365022207494,0.6235608672573391
525,0.6566145272363233,0.9314559308678395,0.7112467443438151,0.5681252823823258
526,0.5019353132239631,0.8436735254294159,0.8197762629943186,0.6640201564646718
527,0.5033547325388241,0.8895060676249121,0.8863082013490193,0.7615998569526823
528,0.49164218722684716,0.9334863340050696,0.8313789445815645,0.969918397594597
529,0.4543307478975135,0.9410795062440147,0.6868584775282469,0.8191388509737381
530,0.6540616144695481,0.9472257362410672,0.7070600136639021,0.8423857989467219
531,0.2948619565448317,0.8023413283182765,0.6895594828253752,0.4919490458695747
532,0.5802486839335013,0.8720691630592587,0.7541351621937015,0.8309495544987124
533,0.2308431538307838,0.9338867693209423,0.6571834186652469,0.8906261383398562
534,0.4704811441923009,0.9266870130154408,0.7638500753481966,0.6523051898100641
535,0.651029567550611,0.9474848995719624,0.7709627836831429,0.8891394595244029
536,0.9295813546395013,0.9499775726054001,0.8562648075662759,0.8409696636495474
537,0.8996731664196118,0.949045539923615,0.824645498978844,0.807017398315036
538,0.8290027674603696,0.9495035616519318,0.8932059720351077,1.0796902965934114
539,0.11175619346349441,0.48393019076860566,0.497546787632992,0.464592849274219
540,0.16183436832033138,0.9422136927992293,0.6852656818971994,1.0033629407095321
541,0.6923850153959921,0.9483740124409364,0.7668340053126268,0.8551140330089128
542,0.7915451019297273,0.9427224853066329,0.7932146461998123,0.8299900903128659
543,0.7036238755132436,0.9481449895634919,0.8488565825476517,0.7562014725999011
544,0.36424679742150035,0.9115997867245426,0.7551408457460994,0.723353444322525
545,0.1669477341071376,0.5807062126800424,0.7110812806766902,0.643416873774757
546,0.5178418899895769,0.9207605370226035,0.8002442682914042,0.8649949318231889
547,0.42227941937390123,0.9077241833251869,0.8001143504644396,0.8464922170016212
548,0.6802631013885422,0.944814748896136,0.7779196425583716,0.6970858818293886
549,0.4349800000969284,0.9131260902791045,0.7769218143918387,0.6545011681049452
550,0.21431226307387752,0.9439297520193951,0.7354555283104282,0.5237948384301128
551,0.6178979411899144,0.9437388240825405,0.7663939899638513,0.8646986737736964
552,0.8504485814067819,0.9498925328852994,0.8870222651766579,0.996606959617888
553,0.25451479715424785,0.09189525878679095,0.7215767634541099,0.6663175365803711
554,0.5713065177575738,0.9454884375293472,0.8565302357588741,0.8544207577702102
555,0.0744604064213964,0.6660140462923835,0.5653372889296445,0.4615102098440601
556,0.44474864741889664,0.9381092684213754,0.6171100312155561,0.7871499917558358
557,0.7159712133320986,0.9406557889789489,0.7979891119486315,0.7473099120690259
558,0.27006896639760136,0.8639400743368755,0.8341766471285466,0.8524470534142392
559,0.7508317099513555,0.9469926631614679,0.7958036621531405,0.5928102411515921
560,0.7342988832214967,0.9439018113917915,0.7669559932574506,0.7734185089931707
561,0.8819486312191422,0.9483238318808572,0.8731143768069177,1.0969618855420915
562,0.4838730303592751,0.9464603062330538,0.802941460052088,0.7908694754739707
563,0.8897602053047216,0.9401030478212979,0.8608029942795776,0.7917328530904598
564,0.7558954881626806,0.9428203456346711,0.9322336868236354,0.853942527193912
565,0.7779724268742552,0.9518559368182703,0.8127415745484545,0.724036074229968
566,0.563405488216165,0.9413125430726254,0.8369661235527287,1.1877354666991298
567,0.3440781901248604,0.9455352438118472,0.644206693345331,0.5933698721755931
568,0.5758044165171545,0.9444554322377383,0.841688689287241,0.7593066511796533
569,0.91706268433529,0.9481038965682315,0.8499955247495126,1.3551115505627007
570,0.9176955694056589,0.9493947291311716,0.9197381241094563,0.9727206196248197
571,0.8750957034402908,0.9464644127109518,0.8767991414527254,0.9759694940892136
572,0.9427440476492596,0.9476941699341151,0.8743397254017723,0.8809528452618232
573,0.64449979653933,0.9453734695130369,0.9020110958473844,0.9127361054907878
574,0.8283726605917877,0.9492080674292652,0.765172444326171,0.8818941226053876
575,0.5557397576923365,0.9437662989932314,0.7166281333638316,0.5314813144209004
576,0.8322163688783888,0.948273771401808,0.8923725675768546,0.8878360687227669
577,0.7701873273236242,0.9486922978234782,0.7651892862606482,1.182562167212855
578,0.8124542264424586,0.9458184449665905,0.8298559500853939,0.896023853251126
579,0.5158617929201332,0.9467080559482131,0.8415474214440132,0.8715350691058902
580,0.7775373173642628,0.9486653085870237,0.7369327883029118,0.831798987890312
581,0.6746117188577772,0.9477264629648997,0.8207155093733114,0.8325341006084614
582,0.8940711030418125,0.9451476700629994,0.8809942706726941,0.9826398830939793
583,0.8750643277601078,0.943935851861261,0.8830172820038298,0.7837540982740476
584,0.8512223308762007,0.9456707047642845,0.9528313519987388,1.2896144798186073
585,0.6437352233239714,0.9455845548867623,0.7726717449728844,0.6669646721886517
586,0.7491622515334179,0.9495585450169868,0.6985723384090293,0.7985461060554403
587,0.6265711188702277,0.9391808499661378,0.7784299664981508,0.9140267217662328
588,0.8602799988645068,0.9497281710064598,0.9049734582975565,0.8946403941436614
589,0.8425594938872202,0.9469120694376574,0.856889333660293,0.625037341809424
590,0.3032647038995746,0.8936413279426993,0.7892374584972833,0.7868793167420546
591,0.6100304471390107,0.9476355210860296,0.7566570922148671,0.83561689629132
592,0.9752432499333092,0.9473171383776623,0.901063482612631,1.00423921341266
593,0.7530802444407099,0.949274296662007,0.7456162353743268,0.9112440070944972
594,0.9507272076782208,0.9455827967318141,1.0040432851249013,1.0942676076196851
595,0.8442294866038477,0.9406657449228462,0.7965757367007775,0.7490098860891674
596,0.946926985032198,0.9494399169971635,0.9757872156349582,0.8348130522718449
597,0.07612571472682694,0.4360442098658889,0.6489236950842868,0.8111657481775825
598,0.9869254353034768,0.9480837720241898,0.7856025095211322,1.0044723063205023
599,0.9338408060808713,0.9481553248675559,0.8789991928904792,1.1063672586302666
600,0.7514479245539374,0.9380610365767832,0.7364503982550294,0.6326186109091938
601,0.682189783162346,0.9460286560849014,0.7773907770080133,0.6596029891727825
602,0.5802305045676242,0.9467293405594215,0.7645931239735942,0.6913548407768287
603,0.8202130416251675,0.9429942736571977,0.8310039877134922,0.8528413099584731
604,0.8809475212603501,0.9466265030839964,0.9785383676886785,0.8665648193895846
605,0.8416521089328827,0.9455803095468805,0.9279938011122633,0.8195945253406336
606,0.9567593384623356,0.9351237780025401,0.7872274178845025,0.7200882050344357
607,0.24477912276221858,0.7611846498571208,0.5933161756305593,0.3544010770578368
608,0.3375588054398536,0.8045157486249814,0.8656174404251578,0.5488544534666087
609,0.15792555410345976,0.414514075371308,0.7083992410435442,0.30532555114646104
610,0.15576736020457982,0.044024821986964446,0.6364326757235994,0.6120793850911546
611,0.27302901916734,0.8565285614734269,0.7923981563325141,0.7283511422250554
612,0.507149585137004,0.9268081760147795,0.7796300570084941,0.5480805518266927
613,0.42067963726542046,0.728924775179418,0.700781287626791,0.7770720111688909
614,0.7720692289077381,0.9475140706242597,0.8997037767049549,0.7690003692852211
615,0.5051204883558507,0.9426359241518945,0.7981795526239596,0.9056867307539402
616,0.06310643095579738,0.08780214061158031,0.6464397924570835,0.4623883059137204
617,0.13573306278694142,0.1433807100242671,0.6323108381195046,0.5862222943793058
618,0.15963512821794779,0.04415235700187592,0.6439717260017145,0.34339270373877306
619,0.4819959849693465,0.9047627782976386,0.6707892284535475,0.9003594633085235
620,0.09717061664037852,0.8950289905827415,0.7127911785414666,0.6153845492962656
621,0.06452335438161094,0.049885399637682126,0.5579366028940479,0.4616341166527551
622,0.24640843134941848,0.20157409271670457,0.5194017681584637,0.5657298783894329
623,0.07053747309454017,0.10958724845338552,0.5166876138389436,0.642591982561933
624,0.05463875559506948,0.047573530068884984,0.5931893519542557,0.3709806471372684
625,0.0838712420051635,0.17413673810565256,0.6545732695624857,0.4876916699508267
626,0.14779306775348888,0.28327028888910244,0.5915820348888192,0.6783701207529549
627,0.8824862751057123,0.9453727314654857,0.935991088652791,0.6680676268242217
628,0.9652394421273022,0.9478721698224291,0.9491006994475426,1.027074085147733
629,0.8961704895404351,0.9486489876002898,0.9340166249295488,0.8536439604278503
630,0.9123334257762693,0.9495008979444068,0.9251469085497401,1.0414419391980099
631,0.9733323760357705,0.9439457676270452,0.960782168642896,0.9470800036564255
632,0.660112445533843,0.947974100724105,0.8522238696824577,0.7296456079123481
633,0.6792998614175166,0.9469863029014798,0.761601461626616,0.5621005381270059
634,0.6646091553597708,0.9390689845883851,0.7820795671875929,0.7711097251715081
635,0.9016649178772944,0.9489508927103752,0.9004691086478454,0.7664595335867538
636,0.07082379218082124,0.5656484734399372,0.5384266666998323,0.5836591903289896
637,0.0991335077043709,0.08423657782629312,0.7638384141633349,0.6799265934386515
638,0.9344144556650626,0.9477874452129778,0.9242338392762643,0.6381479623838254
639,0.24549436082638287,0.9395496807363724,0.5073292785923427,0.727526266633885
640,0.4481217101222744,0.8928632095905228,0.7322760609737475,0.47023924685591184
641,0.6992671361096854,0.9408770226935744,0.8019580804190501,0.811522562650918
642,0.6761968515471466,0.9478521160244151,0.8106965784595458,1.0016345698294937
643,0.5548694571133184,0.9415238324466384,0.7050689194437558,0.9068883822340785
644,0.3398454535597265,0.9123461626189108,0.8117275125373897,0.6063277718244655
645,0.26202015368032283,0.14775048146212777,0.7286815446952493,0.621729703193536
646,0.6715113972126379,0.8989865024428145,0.9352091188461882,0.5313009276369769
647,0.27570239679363273,0.9232972975891145,0.7575951404500236,1.0539188476801833
648,0.6112119541313048,0.8963845147849144,0.6994878351011447,0.523364072239187
649,0.693454124713792,0.9257322935327086,0.7591654474540641,0.7950951145219664
650,0.6476899668631291,0.7173199885731694,0.82752259599935,0.6477233282916934
651,0.4561540787021834,0.9433120387504381,0.7379543984788988,0.6284828564639591
652,0.07783751437548092,0.11940270819903487,0.5632367581768785,0.7218584895831922
653,0.03447838323677699,0.8199302592166409,0.5215476541564928,0.7065606872626342
654,0.46988161559990094,0.2080565654114428,0.8345275918978937,0.5467199114632731
655,0.0274459074771205,0.056480670009345646,0.5988833088419385,0.2702073629642767
656,0.2533988166452007,0.7547830487652203,0.7188365183120032,0.733493191030047
657,0.25517418949905823,0.8979258868499773,0.6220893494812358,0.5756482782955346
658,0.19771730581102553,0.5050358992106732,0.48237560952088665,0.7735633958917479
659,0.33465383113209035,0.9217665600615521,0.6657712312307128,0.6402426583151171
660,0.17346187568949123,0.16359182122166327,0.6039273924567462,0.6027979309097705
661,0.10173559982445768,0.14464660263328322,0.6990235941425313,0.39689596524353865
662,0.1902365887257682,0.2861984113905792,0.7197670956669555,0.866417130546912
663,0.19893603481294464,0.7583988468059775,0.6677857999038832,0.569754040658064
664,0.7562714675700756,0.9469960168353669,0.8333093723173458,0.821801569524716
665,0.9871171251932199,0.9460871502717979,0.9428420021258606,1.0070343926093934
666,0.9958786754771803,0.9480913539778719,0.866177023792768,0.8557650254405
667,0.9310733973683479,0.9494645425509322,0.8591269695675159,0.854092553151095
668,0.9653760696667569,0.9476650013883297,0.834386036449284,1.031678250206733
669,0.6536340674278402,0.9445005252954309,0.8899607337827886,0.8635639321831046
670,0.6323047728063758,0.9433483579429784,0.5478393226705559,0.6353798143297031
671,0.8687789449354095,0.9501343916049299,0.8139815560625162,0.7609798290890738
672,0.8293804856100742,0.940746603329204,0.7041153987751468,0.7587540685008669
673,0.8166161771100141,0.9473930631018004,0.8418297677846672,1.00163572608486
674,0.5691300190968287,0.9457552818497357,0.7513961322606189,0.9128900372265655
675,0.6384417656583101,0.9418340857582432,0.6379738034015487,1.0666284139471032
676,0.803970001837581,0.9343892585506485,0.8366615044553061,0.6685011496954342
677,0.899052114349006,0.9446797599367008,0.9043119725311135,1.005202695546267
678,0.683076205883111,0.9123000232118748,0.7307656471261614,0.6941895609056128
679,0.9301732212120971,0.9475916869779848,0.8238287502956689,0.9999898142045718
680,0.9881911532053897,0.9499930454395571,0.6692159257642813,0.9523245700075444
681,0.7076748212716115,0.9354668818340907,0.952007682793522,0.6436582868962236
682,0.7828592935385941,0.9485336812320557,0.874360859483162,0.7452604158288764
683,0.9665115323466099,0.9488461862674812,0.6709845770093585,0.8193778009235839
684,0.904725241234573,0.9458493258404957,0.7522962841595509,0.9311935480882888
685,0.8432708113254785,0.9375792166945093,0.8391211837509047,1.122760464295856
686,0.5308256628209149,0.9372572274207503,0.7267645747593148,0.6856322938564114
687,0.30381296473299846,0.9353051231628303,0.7264264755524076,0.5250832128679745
688,0.871051089409888,0.941410053802366,0.7019304044904094,0.913510229705693
689,0.8629302141790627,0.949600988536583,0.6659737991154493,1.0367140675614381
690,0.26740732234907316,0.555260392047553,0.6863980307676147,0.6888787945034779
691,0.6569259757771161,0.881421692426204,0.7494440873056506,0.6908679558517485
692,0.8153612207199822,0.9104980361698866,0.7546166524968182,0.8825806965400664
693,0.5053160867124293,0.923427328396346,0.8614596304223923,0.8058916745032938
694,0.4301230509157947,0.34120106163337627,0.6979657035871293,0.5945305716995379
695,0.6966667370998321,0.9303819844908703,0.6464406103063899,0.8081806000534298
696,0.82918037308763,0.9468953499936558,0.79377676998088,1.1799816874842186
697,0.639997683373407,0.9503462010790952,0.7137586382132339,0.5457925216596307
698,0.11353247394495514,0.26931469939890507,0.7011806564886108,0.5837080599291966
699,0.08898861623205512,0.07066122489111892,0.7445067123121384,0.4486653179215341
700,0.34548877816401824,0.8989093780662918,0.5033989748925516,0.572988293221321
701,0.4745523611464584,0.8938956604038912,0.7178219503564309,0.5984320770395379
702,0.4343604833474052,0.9478540527813536,0.567483709498223,0.8849644119628829
703,0.4095984305240298,0.9129191453354556,0.7952430876064999,0.7575871885713625
704,0.9300146978672971,0.9492083570472268,0.9236263690115559,0.9130897039256114
705,0.3186960809321594,0.1309773505212788,0.8202958369158375,0.3798838618253323
706,0.1644483895042963,0.7415482541978627,0.7030063564556507,0.8279901902295461
707,0.08898507286624668,0.12681832584418695,0.6686575730701472,0.736470010241997
708,0.09338909717237975,0.13367385247033703,0.5516125377100578,0.5523790985337609
709,0.055791876061761725,0.048897510565245716,0.4680748803391663,0.4155892793302954
710,0.11808660270794413,0.5781022784851833,0.5830620132742905,0.5834455386151782
711,0.3473798162078945,0.32937661494842396,0.6446036808828538,0.6462518278402327
712,0.10327419886384004,0.03951411574642194,0.6515958173748884,0.5667574735218552
713,0.07089411002007984,0.05071762893156406,0.5499349388503512,0.3959319671010162
714,0.4056174295974383,0.539581982281549,0.6881570500720846,0.7750641502371701
715,0.10005183691544262,0.5441916522387173,0.6641006842349827,0.5999331303541109
716,0.30821795196585644,0.04289689478719516,0.5040863629301949,0.47886553856144964
717,0.1452833434974965,0.040287418291676924,0.6551277321915134,0.609370994166635
718,0.21881691691767313,0.5461804810376133,0.6157147149759662,0.5754633400841624
719,0.28077830556328454,0.0924372997132995,0.7563909854637688,0.45766713360150635
720,0.01599299289351086,0.039065120036776535,0.5053777245217267,0.448431253698485
721,0.19411023681725958,0.1927969675298319,0.5811940919288696,0.6722261098061393
722,0.92080613013437,0.9443246205859614,0.8529310665396626,1.151586384105225
723,0.91136967467344,0.9473431478291353,0.8880952622100339,0.7010879604717397
724,0.9010288497119686,0.9455025898309418,0.9644089938452403,0.8901245213061599
725,0.9881511595199396,0.948294391940161,1.041031125289193,0.8561443792249329
726,0.7821595982161028,0.9439692685630415,0.8980236695486754,0.6395669890808754
727,0.8748527070911656,0.9481065155708523,0.9470732644086717,0.9510760200491927
728,0.892926145410904,0.9472872968390851,0.949510195339248,0.9241225340860031
729,0.8608699470556835,0.9480865617103885,0.9357283979310524,1.0738194624659732
730,0.7322743719618152,0.9464346684466364,0.8309928626605323,0.7559537371841675
731,0.9836675255569994,0.9477520709328858,1.0536446982292191,1.0068805240058214
732,0.9583086009959229,0.949040820662545,0.9943077384854142,1.2288548693227521
733,0.701034319232881,0.9487766021514158,0.799955709467957,1.0092406761682078
734,0.96484365738928,0.9505405774259889,0.9936181701055842,0.6570710108854979
735,0.9791994807814108,0.9486571269503128,0.9616933800576393,0.8685294700772612
736,0.21005237876355187,0.942514272431402,0.7752167191202499,0.7135093174877714
737,0.9693691055408772,0.9501577573876576,1.0530161719582283,1.084861931387112
738,0.9661406051526983,0.9485350035573844,0.9294860146841075,0.8566398298935027
739,0.9049369276275289,0.9523335252946048,0.9585376905463046,1.1625426446484042
740,0.9671314691643684,0.9464821075198385,0.8760757315791834,0.7367361934778491
741,0.9646895029364667,0.9473639000035736,1.002049700027078,1.0074018408122263
742,0.8658632323554941,0.9459534707174356,0.7348690087157846,0.6421955895820501
743,0.9695040464799742,0.9510168931244448,1.0049289442096556,0.9351678920179821
744,0.5193247786518175,0.9437404588249443,0.7674718359388188,0.9160403557235692
745,0.8804122393800643,0.9496643181099625,0.8524452229919468,0.9033840414119731
746,0.45815156599440265,0.8913101856971626,0.7657213586057199,1.0247498335211316
747,0.9278738763458592,0.9465621672274805,0.856623403899082,0.9506537688306971
748,0.8777352657036579,0.9519841889371455,0.8943391418071901,0.8006006636538715
749,0.8794884606353589,0.931857162382619,0.9708604641699756,0.7909547559070351
750,0.3251323322867701,0.9063479275953225,0.6899285606515617,0.7562492742258924
751,0.8075438070579932,0.9379922046484436,0.7409688724901781,0.7332392590854657
752,0.2022441651607768,0.9029053781677676,0.6922321141484598,0.7636781922155754
753,0.5121192450031731,0.6844175897929028,0.6719859755137392,0.5898658217395674
754,0.4041002470867764,0.5906528488652898,0.6451839516765601,0.6966734926263275
755,0.8665075877428029,0.9360403191984363,0.8373708368464963,0.8200453162892242
756,0.5398673526174949,0.7253044088431566,0.7547610042339709,0.9528403534927443
757,0.13186825270102898,0.7721050017620099,0.6568725485256433,0.37171292907372944
758,0.5016506516072956,0.9298615661348351,0.8177573225311552,0.6726046802472009
759,0.11724280141219356,0.06555105264228123,0.6106046365208544,0.5090033844948549
760,0.24685745739562848,0.9434098671996828,0.6140241690417164,0.40469355714083094
761,0.3390464278174582,0.15692897094342428,0.7583603305559482,0.5962758890507132
762,0.35033024554497594,0.9408147534806105,0.5482332536684176,0.731289946443672
763,0.24753991546723575,0.40469944081441767,0.612472497167259,0.8065277093169131
764,0.14275960521292275,0.31759041865156645,0.6779169357068255,0.5661143610061632
765,0.06494000021028057,0.0701954331198158,0.6389535045481973,0.8259249272825361
766,0.05313416630380019,0.0475462654817701,0.5570965016708141,0.4951230917633209
767,0.21967733682035173,0.6131652064271756,0.5597902381703801,0.6904067564341532
768,0.2806267481751835,0.8626630442904271,0.6759754521829295,0.8016981143723853
769,0.7218604878912557,0.9470420047670266,0.7570881200103737,0.9223924953793027
770,0.6795670554364336,0.9458639768023862,0.684685933188483,1.1352761643520055
771,0.9185621360496893,0.9457753460629422,0.6172678165388901,1.1486207164389435
772,0.9714844445338638,0.9510616720138219,0.9590333901776672,0.7981256549247614
773,0.8937272793624613,0.9503026207471528,0.7895834116230871,0.9990054953307879
774,0.7743517592132989,0.9509621215555049,0.5554056026935871,0.9160910516698801
775,0.9778011109975185,0.9490619206893716,0.8189549622929542,0.8790032211341976
776,0.8980959952741927,0.949306056119262,0.8832253606869361,0.7799208439533455
777,0.966615331124188,0.9480858741624941,0.8079485994064254,1.2719572850809708
778,0.9530005021642289,0.9377498367307182,0.7460171930377109,0.9467823595634856
779,0.9407989834727586,0.9475181573226273,0.9114316129142332,0.6647562191118846
780,0.8872128641198272,0.9444741405107479,0.85010823287774,0.6759238447139364
781,0.985076139380802,0.9512028206043452,0.9351987609919017,0.9053975427178014
782,0.8419235192444288,0.9498964806368355,0.787093651337128,0.8349862278098484
783,0.9481228817687279,0.9477859909765981,0.9483486372587056,1.0491381320601139
784,0.41159570119515565,0.94745433704566,0.5649786925973306,0.8257985222241518
785,0.9677179152399372,0.9482952145836788,0.8597095519045485,0.8928437114236341
786,0.8440746210950791,0.9502154524402204,0.8161313324291746,0.7633647103181133
787,0.7879199488142625,0.9338045141722879,0.8720419440508584,0.7679023600254193
788,0.972628667254802,0.9470817855394968,0.8935150710506314,0.9651823599822418
789,0.6659382940203682,0.9471058958076571,0.5192022505647563,0.7699273866535696
790,0.9884819739039284,0.9434898030465013,0.7509019267971675,0.791290899475294
791,0.5502887371527286,0.947363105157593,0.7776523221331504,0.8276916329036386
792,0.826519773244094,0.9434495386429843,0.8546034968183551,0.6019315946271767
793,0.16719383382110076,0.6366530955710058,0.770844461492628,0.7892496918209766
794,0.27488087922476967,0.1858326973817298,0.742299830193769,0.5879236320582423
795,0.41030016972285466,0.9362094184154102,0.8416846841980915,0.7501495555436991
796,0.7302241031186234,0.9441082280964779,0.7296957413397475,0.8009978465862041
797,0.27645024158604126,0.9266461945338557,0.6300530294825053,0.6377246870777509
798,0.45900816885125006,0.4746131159056287,0.6460384701376332,0.6081908552804873
799,0.8948842034980649,0.9479447580270739,0.9384092905460466,0.8000430455211123
800,0.07961863409304504,0.11045394035287792,0.7095615713096722,0.5266370647666221
801,0.8298653010384527,0.9502088013443091,0.8048917209741965,0.8996630758577124
802,0.890234573854898,0.9456675864473174,0.7660726539844995,0.9610329379965881
803,0.059490852878381184,0.5000175928539783,0.49953319936238494,0.41320927782766226
804,0.03749958852587865,0.8300199187557988,0.4969086028315721,0.4285552579133089
805,0.17681244138967134,0.09186703098220583,0.6211257003820254,0.46900417477580864
806,0.13116386116187584,0.46353194521816266,0.6398585441542641,0.5080861326010657
807,0.5235044169561243,0.9006547397460931,0.7263226052505324,0.5483592022981519
808,0.41558778419893505,0.9301662068808083,0.542057679656162,0.5023509693652399
809,0.3477556548285424,0.8122102879514389,0.6738857005971323,0.7426312107705305
810,0.8411210076916202,0.9453059376104905,0.8140013463326543,0.9277878121018833
811,0.9452551321489135,0.9477189682545586,0.9150249976112153,1.0165216229796707
812,0.8846596054224204,0.9470497964226103,0.7357851342960734,0.9096253902155289
813,0.9496409657827617,0.950278504945194,0.8309689943069968,0.9360533643311447
814,0.9430849741681603,0.9463427239811764,0.8983985164963081,0.9522663314625406
815,0.9844412323369344,0.9472889879686404,0.7881148368132714,0.9323082470505755
816,0.8848861493993009,0.9476803355359796,0.7532932864229356,0.8148626276954964
817,0.6544667477208629,0.9465817730630659,0.7543837059818538,0.941215697594912
818,0.9150493271129269,0.9453260273897304,0.9444069257359398,0.8938703847878966
819,0.9082570757995722,0.9485478967297123,0.8213892332298139,0.7958392116131595
820,0.930917431508019,0.9530942926044977,0.960611249356235,0.9210902786807253
821,0.8569781940404123,0.9508958976255751,1.0116842724925141,0.8426477938234649
822,0.9634041044172452,0.9500565930413811,0.9470830643652144,0.9545711458607729
823,0.8295178020643572,0.9488001350773602,0.7304775663848634,0.9673069285675778
824,0.8659282279246067,0.9482013459612086,0.8141557370120933,1.0117058120708402
825,0.863443256887639,0.9443401342004019,0.9041855351816612,0.7538367329247446
826,0.9066177486615107,0.9502138882914497,0.8564446887448318,1.152930625379762
827,0.4114831625427603,0.8747075458391321,0.7504041541308907,0.5839719089620806
828,0.6660797316240004,0.9513747564972749,0.8462345450020928,1.0463139894519482
829,0.8636772801557531,0.9481127227377298,0.7968985951134511,0.7264871060888825
830,0.6839649825468985,0.9395163757118645,0.7201159307629823,0.6791176380359465
831,0.9404208782678373,0.9483449672567691,0.9160972172923344,0.8815784425380615
832,0.4470046199751635,0.9246252425306021,0.8026008519873102,0.7163052811861459
833,0.8237485072537806,0.9475656940851709,0.7693715437669179,0.7930800628812643
834,0.5899433067158253,0.9473366548946994,0.8960300897590271,0.7011579261409899
835,0.8178120900142282,0.9353113044131832,0.7477377773397563,0.7535095492774543
836,0.6862723936837536,0.9473532434691727,0.6828496089479227,0.8566857158878135
837,0.8944675362773213,0.9350386780831765,0.8651944101881383,0.7048336321990689
838,0.90384498663542,0.951246499351968,0.9915267652792884,1.0297624196586863
839,0.3820912010872747,0.23984915540296015,0.7816137616046283,0.6791744646655226
840,0.30476516885205684,0.48731138640493066,0.6987711982754986,0.8845414856727087
841,0.5283280817383484,0.9374065298468301,0.6951664121084757,0.7067110956406745
842,0.6815480129114324,0.8854584748562729,0.7827419811662556,0.6732036123862523
843,0.5888907556862449,0.8993836632686564,0.7559574488921399,0.9196106502327446
844,0.30157692444484097,0.056733490734215186,0.7323237055009731,0.581544966438919
845,0.08478556118084024,0.049340940663665456,0.5483223799785771,0.514495521031261
846,0.049282958412168565,0.3705449992467562,0.6314144601302628,0.6792143425409756
847,0.21652945729671613,0.684670734681401,0.7998083891296166,0.6494717541583777
848,0.28445394064378027,0.8754596178139529,0.48796580608748913,0.663110994388698
849,0.1899398706601222,0.08164767892996994,0.665816990253682,0.6363657353356819
850,0.04392926061840141,0.3635146306983753,0.6217608969230513,0.674957673255521
851,0.03227609895943473,0.07249422590451482,0.4254189650990091,0.23020842901649347
852,0.16986338618131946,0.16946423106608222,0.6292217852378919,0.4129653606403511
853,0.46375806146460286,0.9199866791135294,0.7025355681792412,0.7857128999749522
854,0.1663332959827165,0.09454230037975386,0.7354716979672168,0.6801723350320406
855,0.599529631800352,0.34421424736418715,0.7238286139851643,0.6912573249354763
856,0.18965930163136713,0.879403645463393,0.6318394911422749,0.5634414794727651
857,0.10697189460523615,0.08220387571216559,0.6007668583850828,0.38314071805152106
858,0.193673760195338,0.24819836727393907,0.5957276017172776,0.5964970532016554
859,0.35106694067567124,0.8951987491250009,0.8083286237109437,0.8851069410997232
860,0.040771440032252304,0.041176683801218195,0.6019073835983542,0.21543785593086295
861,0.6813535365175627,0.9160023144768721,0.667899248807987,0.7493386468412636
862,0.026927980500295323,0.05589403160208295,0.5352914770024169,0.3251791698680937
863,0.938938286597354,0.9479569443721053,0.7861104492485252,0.8633784442172487
864,0.8019629644381749,0.9457689199701744,0.7913173750309479,0.9079687769668829
865,0.6357400894047718,0.939553526462708,0.8288117156724876,0.5929224901799686
866,0.9857962167060881,0.9465150690884206,0.9959512966422006,0.9183694077016142
867,0.7857443086853141,0.9465931685399648,0.8247290268243814,1.0106711068999261
868,0.8696553808787322,0.9466907028079234,0.8534643996521867,0.776945571305427
869,0.7855631067315882,0.9500940076066121,0.9022562516916708,0.9045537892040684
870,0.9294229939773556,0.9490316339459502,0.9202420547643351,0.7836687676621568
871,0.7992957360432,0.9450623418631432,0.9359488418154704,0.7307364668686002
872,0.8063641208799124,0.9447679317372221,0.9024430162112408,0.956239719651906
873,0.6978881430383983,0.9491724595140212,0.7702062835808219,1.2744607944824546
874,0.45593802241395887,0.9503204463615849,0.7359410453155892,1.0672353072900045
875,0.8649626902822295,0.9509713282795281,0.9487315406112764,0.9646066653593088
876,0.26472191030782843,0.9266692553323181,0.6523989297828489,0.6364859700315526
877,0.6573619645914713,0.9458564027262859,0.7127987133932645,0.864940201803785
878,0.8221223628146832,0.9475735324080654,0.8409687727321148,0.8080900340556406
879,0.7025540745728875,0.9457607521993041,0.7762883197216396,1.0360501550852041
880,0.6651760298310471,0.9443831419141785,0.8227517978102133,0.8892283092388407
881,0.5739816490666547,0.9428458835807838,0.8184237703780686,0.8547251942015659
882,0.41228069312221094,0.643450542349361,0.7806117328514662,0.6250959042976052
883,0.8948887611501662,0.9462440014325343,0.9753788241128579,0.8543138209747961
884,0.7784437213418858,0.9494448956164216,0.8139170791712396,0.7226512264365277
885,0.6437707466992159,0.9446860319615811,0.8101524051506088,1.0457116772402375
886,0.6860534261555333,0.7021781923993375,0.7018726325169189,0.9577056520929648
887,0.1275506360328309,0.48090297051048847,0.607582672495625,0.7747542668033662
888,0.5933061144060374,0.642768665335891,0.8496665689460257,0.8015915284976992
889,0.3968949078987818,0.56763178193818,0.6561896528157525,0.7212525927410962
890,0.5079182105508966,0.9414583499253115,0.7725900759866008,0.8693953257805804
891,0.382615265415543,0.8952074746775129,0.6203528859969877,0.6442956037994824
892,0.7867808675682921,0.937546999138163,0.9240654427792699,0.8892154455515624
893,0.3444996108256244,0.0986780551472155,0.7186128628457472,0.5717674746606206
894,0.6453359186590448,0.7021306243701325,0.7743227701733726,0.6192487624877703
895,0.3826372974023914,0.10352327800368089,0.6622662800543585,0.35065344329563164
896,0.052188570537816004,0.04489278616218606,0.6009754744639519,0.48848765295518065
897,0.1840791073471849,0.04885391809448536,0.6981868795193895,0.44068655301021437
898,0.15929030498841634,0.044518117550272684,0.5542519189660362,0.5158590804853069
899,0.0563322690849587,0.04047536790662554,0.64208464597039,0.5596467999318335
900,0.13774972490873305,0.050020249467107814,0.6355373736796426,0.6603805166931984
901,0.146872866754025,0.8893014979152808,0.647280853827703,0.5270440677780134
902,0.14852850076983226,0.882286781600075,0.7144469695676647,0.5865213362213091
903,0.01169485535191983,0.038636668637119564,0.5868975578004104,0.5887117618125384
904,0.8240824128585552,0.9481134776108566,0.851722455273129,0.9717125428002052
905,0.5752888013506601,0.9452379660000161,0.6794224660668111,0.9006019229965726
906,0.4362702526990965,0.9486440054071892,0.6771693511631254,0.7469640316124271
907,0.8434520201855538,0.9440934558216451,0.9036148279649107,0.9285272046756589
908,0.9177169704963297,0.9447474477434651,0.8544123791073512,1.0869481369986338
909,0.8863513452403748,0.9494446111752064,0.9171642980932042,1.0833635107043018
910,0.8335490278013762,0.9505155100716918,0.6690010727459744,0.9796572297722745
911,0.8620348590496295,0.9500393918713498,0.8379556749497051,1.0096334500252018
912,0.6260998918420242,0.9459230714315052,0.8269040501669326,0.9706311210471251
913,0.8113538112099241,0.9472840489182128,0.8348336766412191,1.0272496173750765
914,0.528697735995977,0.9468680124820011,0.8025086935143878,0.9987576416341766
915,0.36515353559010355,0.9439037885520485,0.6835063003537425,0.9913879559600458
916,0.5388396014400273,0.9342454972518206,0.7497138826562495,0.9523497048635665
917,0.4849511461293601,0.9357692084082009,0.7118647531083022,0.8235764465715355
918,0.7909211088871224,0.9457158479330384,0.8177507626453573,0.8690577891331719
919,0.6549420714955911,0.9255715418525472,0.7295470847713613,0.6894619356996261
920,0.7921481112883025,0.9416131287432171,0.8494571070305922,0.8588848809813421
921,0.9408005379725333,0.9479704671151783,0.9640478174550355,0.8231739781638767
922,0.883528903595008,0.9390754974405797,0.9023621908237903,0.7285462689725676
923,0.6850800403183969,0.9455514306931992,0.7480268348465525,0.9083088098913338
924,0.9523356836036414,0.9493987973732645,0.8413918749548589,0.9154295472761331
925,0.9832136004639733,0.9484468549839582,1.0342484770791078,0.9825460244307532
926,0.16121732033197644,0.8750560948122933,0.6172316843232871,0.5960085773799748
927,0.21600757896232692,0.07701545166467627,0.6878532036729276,0.3210276637989772
928,0.4280644448738544,0.8766737057751125,0.7609685987465711,0.7521741224232014
929,0.6941008690028969,0.8862558502136183,0.7746363555380941,0.7927675652562126
930,0.655375642552224,0.9401455403109454,0.7714697681756302,0.715707866162033
931,0.10784236963564309,0.5411711658336151,0.6427205527610117,0.5015430399821487
932,0.07699175750581932,0.4777215657160432,0.554653293941993,0.5865298370733267
933,0.1380369018531259,0.11219959746972918,0.6416843687304596,0.6597646515969403
934,0.13183194115731356,0.08037491724593238,0.6533447324552726,0.6130695021849683
935,0.7783995199110747,0.9463368747277391,0.762185527719847,0.7929999450551996
936,0.5666309124496892,0.9402857671793344,0.8231850900955303,0.9135456968326208
937,0.09986100268244003,0.19833709686606227,0.6578133423800817,0.6843442546516116
938,0.6029365805457678,0.2039443015649639,0.7627719700502223,0.8103143567754916
939,0.30862892287557697,0.9262751695028039,0.6952946840375511,0.8458383399611762
940,0.35860501240730347,0.41220072800091967,0.6607105592049447,0.4958617155059648
941,0.6353142919615908,0.6189453410964184,0.8402164179670235,0.5284785989987908
942,0.6235290841947599,0.09518086252582325,0.6756144863149444,0.5484066728047072
943,0.07738336831390857,0.17782238357016922,0.6291743587519876,0.4103310883585059
944,0.02147298664679942,0.04297959321940714,0.7037728085902308,0.4715241957220797
945,0.18698930834471794,0.10726923491296292,0.6491313893440137,0.687626580242898
946,0.2978220550027699,0.9340284033224653,0.6473660038857729,0.8601703413136818
947,0.6272548330909151,0.9437173269925778,0.7387531994940387,0.7576124968926115
948,0.001821893765387439,0.04042003671834127,0.48912027168278027,0.37474293388149216
949,0.013516809692699305,0.04037004772107211,0.37193086047059754,-0.013590688490346725
950,0.14546425685529796,0.7707425853256185,0.6111477307320494,0.5946100520596421
951,0.08392984469793174,0.2776579030877675,0.5889474991840232,0.5413226582975486
952,0.594975708754393,0.8970062974305906,0.6568648234928254,0.6000782489258276
953,0.18422586634217075,0.7701128303321186,0.6565412171433911,0.9414441948104009
954,0.12912042881129737,0.12474353852513342,0.5488613670685022,0.5144241027323453
955,0.8973836328419327,0.9471019781441364,0.9493500437551196,0.9796512355544216
956,0.888199778380636,0.9393245955585251,0.7953743990906322,0.7485712041802668
957,0.9517272715480211,0.9492069722539944,0.8658716610640103,1.025338340545736
958,0.9523351799057581,0.9473017430786881,0.7127486658572654,1.128728997508658
959,0.9716685316734646,0.9496449905623795,0.8060838193162888,1.0205021560780378
960,0.40561081518988096,0.9331994605772808,0.6209095109172311,0.42304999279203187
961,0.9069627191722118,0.9494721641699018,0.9164908566336041,0.9602834487548058
962,0.8994241555095277,0.9470814173862989,0.9179591824508395,0.8258929170489698
963,0.9074766745552534,0.9486999039335832,0.7729254511403066,1.0738920820174922
964,0.9834834801996014,0.9485994913034284,0.9346731445343368,0.7896155103832775
965,0.5073581590650916,0.9489626334268675,0.799605270812311,0.7168764580492297
966,0.9560227020302663,0.9502542916056896,0.9979136200043017,0.7910813726068131
967,0.9926237346093149,0.9522594827341049,0.8431036968752175,1.2565269453079246
968,0.9565710636558616,0.9436721114749292,0.719728844272263,1.1325668438892305
969,0.7240552590170404,0.9330340939023054,0.7162297216618608,0.8206193757870756
970,0.5616202501506478,0.9368761945026024,0.7366203408097658,0.8213083043112936
971,0.7835457496811069,0.9492105199307437,0.8487617819264628,0.9800566383688277
972,0.5586016847269608,0.9460154831749504,0.8527833506024921,0.7191781267796031
973,0.776251243815295,0.9291587232936762,0.8825019823560865,0.8664321548828559
974,0.9329806726695657,0.9484604425226499,0.8908044370341744,1.0222257555040506
975,0.9358178565686959,0.9504241681496122,0.821319265919181,1.2047575389733995
976,0.8453101776569908,0.951052957766122,0.7866768600587759,0.7433167054167942
977,0.47281569497866294,0.8505722625513332,0.7745892786747336,0.7254744915391624
978,0.21451732861277728,0.14707226282568642,0.6559857378117715,0.7031383632848128
979,0.5226018321859319,0.9405240140011776,0.7725468237922897,0.7565161082317734
980,0.8816434228382551,0.9388635783309445,0.8108606958189739,1.1182913887558006
981,0.33029931226501896,0.7553380854488594,0.8348535694979069,0.4712413533277749
982,0.4866688206572405,0.9425884081551191,0.7401245881256512,0.594966708860086
983,0.023265507552566955,0.04018153666332769,0.5409408525726547,0.3031876316828658
984,0.06746014648769882,0.34988896887200915,0.6939926395488912,0.5304777862893194
985,0.7279408594872832,0.9448195797495552,0.7656037741409096,0.7585767291633783
986,0.043994075521479714,0.9148472170834776,0.6052878668374134,0.49189716408186857
987,0.4112975021802585,0.8595176852508571,0.5714209689560739,0.5490217325214366
988,0.097777450635668,0.3425778486880865,0.6987177346325926,0.9051652167232435
989,0.1333778204101057,0.19271856933819465,0.7911983064881017,0.5647309105476149
990,0.3391448814548442,0.10963989173824917,0.7360380158530846,0.6843971081819967
991,0.013598718801589471,0.03879541876150927,0.4625693494479849,0.3215176619257721
992,0.03052455112869401,0.3255581999307332,0.6178113850581117,0.5404797478714249
993,0.40975354079225257,0.7075286465536976,0.6901581751018011,0.6912890714818649
994,0.8042745080051359,0.9499257497841566,0.7625249220785705,0.8222410533556592
995,0.6357078163041687,0.9499413892059138,0.7733376503289753,1.065832779527256
996,0.9715861913964968,0.9514419799070117,0.9465640365296355,0.7635926755098923
997,0.8549722297178172,0.9508091786638294,0.8101346233987037,1.0404313840758845
998,0.8428909569956309,0.9473440574408492,0.8685251912192581,0.8011436538353581
999,0.9665228544496209,0.9441468478206307,0.979809516066525,0.8318922905732488
1000,0.3607722118905349,0.896524605347208,0.7966481236085223,0.8164025482203195
1001,0.8067973577774221,0.930920213799803,0.8438401194979706,0.9514784154323389
1002,0.8512926084053976,0.9462646181022174,0.8746010618746672,0.9559516479390086
1003,0.9910017053286907,0.9487184454766364,1.2000472305574457,0.7573470451041252
1004,0.6708421094068389,0.9361757053480164,0.8462757749432752,1.0218545713768494
1005,0.8403543516230233,0.9501911145722484,0.8387206628424846,0.9238439403817176
1006,0.7366567467500009,0.9467431017532485,0.923837858304412,0.7310388418856777
1007,0.5278903182120912,0.9488017771254991,0.8285428769039809,1.1291501675341287
1008,0.22923719379581997,0.9177323803959416,0.5583802147157478,0.8210117228527402
1009,0.7678539876749666,0.8039472612063296,0.7755195569501957,0.6746638171533037
1010,0.16592183281815687,0.9246865337076852,0.5284451481571495,0.5917520317516092
1011,0.35057209591876526,0.05951486111390636,0.7283469845253475,0.5579826706183125
1012,0.05543714137329725,0.895581579359576,0.6281865518824716,0.7009135095911138
1013,0.11571099283546527,0.8165712287071756,0.7057403642341292,0.8169665205760108
1014,0.3877665699852686,0.8035644159966849,0.7791697717887742,0.6222840207340817
1015,0.3142816345003724,0.9006771225877506,0.6952018799544344,0.6255585159293358
1016,0.6734959314020099,0.9087904968579362,0.8887187413101942,0.8593420123682265
1017,0.6023975842088067,0.9260870291559314,0.7785070962869272,0.9147712480535806
1018,0.30360088100721827,0.7179891460215255,0.773669104651685,0.6716063756710187
1019,0.04058979343917546,0.06891292536255678,0.5757604107423856,0.27650534750694833
1020,0.2955909318224229,0.20576758133049422,0.7372500659663281,0.5784881708751849
1021,0.4733480799738521,0.9262315149717137,0.7299620955527498,0.9686488859980502
1022,0.7860314063322601,0.9283295324453625,0.8070718312461767,0.7315805979401462
1023,0.28289817613118207,0.9129609717940321,0.6870390130794161,0.7788018357389583
1024,0.17238062383626107,0.4220262545320075,0.6202645045686985,0.7207562052043285
1025,0.6967906007723033,0.9186966357062459,0.8562456523338945,0.6856356586402429
1026,0.182999561068118,0.18407523114532742,0.6852347913669107,0.6241558782382322
1027,0.5499772572799948,0.9380579624761206,0.725412814034128,0.7616977987989774
1028,0.025741970542127346,0.040334951444568334,0.5247669469123236,0.2314098459071947
1029,0.008673811371959772,0.1330405978862017,0.38989919762618347,0.35307071725031086
1030,0.15656746030118873,0.3012907709963206,0.6196067987179653,0.3856845011491919
1031,0.14752950346188476,0.8115378829705452,0.701343104158373,0.38124765071251343
1032,0.0430089501616463,0.7966614708663889,0.49032010991752895,0.4735624838802359
1033,0.29199591829993266,0.17572018611960016,0.6098733124410264,0.43582432497033136
1034,0.40914606361224637,0.9336614886890349,0.7879945278347672,0.8948284362086342
1035,0.03253745760711657,0.08225659855610601,0.537708461558148,0.4834147535654032
1036,0.4592082565121829,0.8582998390712827,0.8062922056664146,0.7625836052086211
1037,0.053414172142885796,0.11321818842104592,0.5564168826430176,0.3791520470400521
